id,revenue
3001,6120367.800384231
3002,6572863.875
3003,15504244.641519766
3004,25025323.266087327
3005,7331388.438815789
3006,29150880.116519768
3007,7122087.647732228
3008,84807307.90890975
3009,59235654.057984784
3010,458909286.97431123
3011,6123940.510252294
3012,6250027.13580041
3013,70744760.6944067
3014,4382178.7025
3015,62522075.36750221
3016,4099237.579838668
3017,76717337.0009552
3018,189147367.1875
3019,32090823.11463567
3020,738100012.4626598
3021,79085114.97740725
3022,96028298.30688038
3023,3021005.736105621
3024,68490827.05167376
3025,5656957.2945792405
3026,146031233.5328239
3027,15789098.398831407
3028,125788918.4109489
3029,9048745.628631284
3030,88509783.2259552
3031,20415748.1875
3032,15419949.89547911
3033,2205048.3647727272
3034,8808256.047752295
3035,20291584.74753063
3036,62371505.07810263
3037,108795346.85479899
3038,58191085.528433785
3039,29786239.608146153
3040,9445579.95654321
3041,46623294.656811774
3042,6729015.525121832
3043,43651919.327873304
3044,14814798.999320513
3045,450493122.1589279
3046,7935996.392472021
3047,10913695.504019765
3048,65754099.950625226
3049,44342998.794018805
3050,44199693.225
3051,2237058.9125
3052,41144464.91760504
3053,2885393.066941469
3054,12374232.241623791
3055,113185523.51408288
3056,11493860.93869042
3057,93933419.58881752
3058,505020365.9
3059,6007265.3001280045
3060,86968759.65540731
3061,67678798.20061275
3062,27423045.926068377
3063,95242816.90479898
3064,184910999.9125
3065,60348810.05732449
3066,110913373.54229431
3067,11118295.066519765
3068,89076408.93841353
3069,311296659.3125
3070,5384345.0438451
3071,22697595.7875
3072,650965303.6804098
3073,10036210.661030391
3074,2651514.7013657405
3075,92971601.26474598
3076,331030292.52921826
3077,38362873.83947016
3078,80656631.86001317
3079,99298096.2080488
3080,112445703.25546773
3081,44502519.7
3082,40072956.1940188
3083,46111540.071347885
3084,1609650.0147727274
3085,25547301.807608556
3086,92294756.37481658
3087,4508545.287621831
3088,7603522.069579241
3089,3681542.7125
3090,86308680.43892147
3091,56070386.760106206
3092,13969835.271452922
3093,333503533.00650823
3094,116334370.4984489
3095,78293874.39289609
3096,9236763.532908544
3097,964231188.5391779
3098,39091917.424362555
3099,84483255.2554073
3100,19743228.029019766
3101,26268234.25295139
3102,10119359.25
3103,6262286.2480446715
3104,2897753.8302340135
3105,128912928.8252523
3106,135418227.1877523
3107,69975534.48843169
3108,26259621.471869856
3109,21109352.682884544
3110,442247391.9891779
3111,18789738.169936515
3112,6722800.374740848
3113,53985563.285220906
3114,39356483.2125
3115,66079166.74223622
3116,16941161.43264185
3117,6314390.775655483
3118,17016427.770087183
3119,339599646.4375
3120,151489335.39722222
3121,9287191.739893721
3122,12700889.0875
3123,26875804.825
3124,14956824.990078086
3125,3291311.371640005
3126,77911023.40796371
3127,12666271.93503063
3128,78977379.26154026
3129,180883096.575
3130,24992624.4922466
3131,12326432.75707924
3132,34204702.539605714
3133,8622410.236247104
3134,33381004.77795139
3135,6044269.3813718315
3136,16880552.437752295
3137,229823909.95
3138,5079729.132966505
3139,85415621.21952203
3140,71285032.3410596
3141,24929722.627406903
3142,5044724.977488441
3143,123696634.2328239
3144,45463628.38510622
3145,25183930.575
3146,13847483.144304221
3147,37554924.24817447
3148,8091086.266519765
3149,48372857.80355694
3150,85899806.50244156
3151,29353271.8
3152,53996339.97988763
3153,8305838.054019766
3154,45587949.28535594
3155,64223627.26422207
3156,38842327.825
3157,24599042.7625
3158,163742526.215875
3159,25605973.97795139
3160,23448390.353336465
3161,4615022.464893719
3162,22942706.726068377
3163,80049708.1801994
3164,13067004.475
3165,10627191.223530391
3166,4903687.373956265
3167,75649171.40919158
3168,7343399.713306907
3169,35559398.4875
3170,24920611.975
3171,24701716.225
3172,69253671.30959016
3173,6414620.027724027
3174,8353196.088155483
3175,16849341.83230769
3176,63684934.4621487
3177,96642204.73465085
3178,10354011.102128
3179,10587321.875
3180,16645022.804019768
3181,8373142.864547242
3182,391337105.9267877
3183,55423447.488695785
3184,38713301.7899885
3185,96411766.88994156
3186,67104223.13419159
3187,19739805.43230769
3188,37361022.50408819
3189,123943340.48468561
3190,39257388.1
3191,51990597.746460706
3192,7062732.492248791
3193,191392905.84029016
3194,101182070.74296772
3195,2413892.201814108
3196,18257203.620087184
3197,36765816.8375
3198,108563107.1502523
3199,286668768.325
3200,45873601.59002875
3201,14099964.013568377
3202,21133612.451743633
3203,5282995.249150195
3204,16515692.973530388
3205,11981166.162482172
3206,45344837.2671627
3207,85070467.41467114
3208,45992650.19930556
3209,23558565.761521295
3210,498370665.1391779
3211,5657507.090884663
3212,119724491.34832497
3213,119854425.79830274
3214,16306334.813492715
3215,11635855.176743636
3216,34657524.45925896
3217,429667230.6464279
3218,5888472.985800411
3219,10420070.25
3220,229595060.00247845
3221,13944750.55
3222,20317901.176481776
3223,48094976.26545139
3224,4302214.849482648
3225,7980840.9125
3226,59773140.842857145
3227,83382799.99981883
3228,130805799.9627523
3229,162710717.03968924
3230,45178635.84898567
3231,71754866.28830335
3232,50888180.06265615
3233,26622194.394916244
3234,8781626.2125
3235,54368118.775
3236,5666411.6625
3237,50806818.81929689
3238,19288094.27082101
3239,6189951.007546297
3240,299936465.34935343
3241,11199520.53915539
3242,23197190.777578086
3243,14671904.03207924
3245,13988067.3625
3246,69293946.21086754
3247,43358716.99417848
3248,96276535.22169158
3249,52398542.59760622
3250,343937384.08024997
3251,5004505.295094784
3252,44961140.26501671
3253,74318580.57554823
3254,4312797.984064525
3255,3890164.9965207777
3256,66874409.614136375
3257,77874318.88619195
3258,33735729.075
3259,80884331.62296009
3260,12609147.820241867
3261,441710602.3140472
3262,53265548.51421772
3263,2217928.4210804347
3264,7703224.957232739
3265,1559114.6388657407
3266,4127319.922994195
3267,126696821.98467274
3268,2197756.0950732185
3269,75001525.96436565
3270,80438382.1259552
3271,24061931.557587184
3272,46592173.355636515
3273,33482877.62855364
3274,450597591.8727638
3275,31991556.09930556
3276,4694643.728908167
3277,35862046.328576304
3278,97623705.24199268
3279,29582796.438568376
3280,380156240.5375
3281,2629635.1300911075
3282,6179104.5375
3283,426935523.2214279
3284,44728516.25112294
3285,107992256.10747333
3286,6021715.624740848
3287,12733580.283952922
3288,41734678.991541
3289,65349596.771229126
3290,140870057.2279892
3291,92045062.16095275
3292,368696242.77921826
3293,98841588.82169159
3294,20894698.648618523
3295,18164778.623492718
3296,2014665.0
3297,30557015.83214491
3298,119241988.62598996
3299,15601179.91381579
3300,64706994.89083554
3301,2396999.8406068417
3302,22969139.504019767
3303,10957883.669807691
3304,22480648.461975653
3305,65872429.07175169
3306,7943747.738815789
3307,98302528.19226746
3308,27088925.521936916
3309,21877743.901481777
3310,9905933.1125
3311,13890401.412240848
3312,10652960.957307693
3313,93089515.5259552
3314,30459741.707884543
3315,205412575.4109489
3316,57012033.82550929
3317,17029679.333952922
3318,4278222.435678349
3319,10303335.686030392
3320,36869366.87611295
3321,30815708.31477297
3322,13230446.52353039
3323,166939481.2408773
3324,10027659.627724027
3325,116211945.11094889
3326,283030593.625
3327,81347096.19170265
3328,45815740.83510622
3329,28175649.25457127
3330,159257998.71468925
3331,7820191.969807692
3332,78622839.79407391
3333,219444697.5
3334,12886775.70797911
3335,80915623.95919159
3336,40075621.197138235
3337,2609995.103599822
3338,53642845.57942943
3339,8482333.09457924
3340,124712664.06106658
3341,8376218.6375
3342,105425567.6492786
3343,80635574.239036
3344,10828767.791786527
3345,13332679.704019766
3346,37676627.96724908
3347,4133600.9082270563
3348,43562019.35228231
3349,142617620.3347224
3350,161539745.4763421
3351,101123920.11669323
3352,8681581.55
3353,110013623.33731659
3354,30504603.417857148
3355,5172561.378181592
3356,53775686.39147208
3357,8358009.789325538
3358,23038763.031461466
3359,69824729.65637217
3360,23730884.418203086
3361,203849141.8600132
3362,19095431.262870412
3363,21407011.836399827
3364,36317398.722688295
3365,5060200.426063306
3366,83788446.54199268
3367,167958766.66001317
3368,3971494.882534494
3369,129207946.44094482
3370,97654020.34134616
3371,96507169.9440739
3372,70805754.35
3373,82485286.97474965
3374,11364348.2875
3375,120969268.99870118
3376,61991286.85711465
3377,19436380.282307692
3378,49811342.237780854
3379,269289592.1643322
3380,68321490.4597548
3381,22233424.535875104
3382,12796347.510678349
3383,11900408.43207924
3384,75663227.28851147
3385,118173733.74856658
3386,9570210.354577467
3387,23649044.732416246
3388,172492038.1615023
3389,886262148.1929098
3390,21133863.243203085
3391,35607747.438075
3392,52030337.80295139
3393,24003065.645345107
3394,191309241.59751317
3395,191952179.39844888
3396,16257930.69457924
3397,5018798.888269535
3398,370361100.2652705
3399,82025129.44199267
3400,40625747.53989178
3401,9062035.538496481
3402,6136161.834591619
3403,133611473.475
3404,15406300.367433155
3405,48660220.45900748
3406,222310930.1125
3407,254624323.9
3408,93312327.36947651
3409,23160232.90227297
3410,72396726.86704646
3411,94598330.7634552
3412,29674513.760106217
3413,75216698.02947158
3414,11197316.86766078
3415,26539649.2375
3416,66614187.375
3417,98733126.1808465
3418,84208705.90585919
3419,329120361.75
3420,10292863.688492715
3421,34358687.97805224
3422,8116240.495648895
3423,519349733.67806673
3424,4736623.173065931
3425,9703717.45601527
3426,36092934.475
3427,33018860.909191586
3428,7879936.4875
3429,39060652.605868086
3430,703439220.2766778
3431,9806750.647376787
3432,41148423.025
3433,26359778.28769853
3434,14117627.525
3435,368175940.7
3436,171237545.42718926
3437,28876314.52117343
3438,27563665.029136278
3439,110590101.76462892
3440,77694184.63046773
3441,174365654.8109489
3442,9289014.098530391
3443,14345876.919208372
3444,5623045.230722571
3445,87007833.01451907
3446,3249141.3014770146
3447,19769599.13898178
3448,63294888.37233093
3449,26208625.08435496
3450,86876503.5940739
3451,70822348.93338071
3452,74368460.45481078
3453,88286000.52791405
3454,41051710.07728231
3455,24613176.945667613
3456,97000586.43622331
3457,15897807.5125
3458,18268083.1375
3459,759048173.3516779
3460,37194960.00750093
3461,29600332.779019766
3462,37620507.051640734
3463,59229584.128556944
3464,7704643.794985736
3465,74936159.64279178
3466,54319652.026250936
3467,31508736.529490747
3468,130544039.99067922
3469,18065606.97901977
3470,2917543.3141824296
3471,93257459.68465054
3472,17084077.424047552
3473,87866542.7634552
3474,54194453.68594835
3475,337863010.9375
3476,8531138.547223253
3477,76041866.18607807
3478,10354650.248530392
3479,262713281.5979224
3480,24295205.058167614
3481,27528420.3125
3482,11954875.969985735
3483,5561143.130185558
3484,7913112.444579241
3485,98800494.8922943
3486,161984684.5588768
3487,89382203.85059395
3488,133401484.05
3489,15106436.348530388
3490,75526926.03419158
3491,43696850.37999988
3492,8337734.515592106
3493,71494653.03709015
3494,11140590.407587182
3495,77089482.08012187
3496,14494499.686030388
3497,124178734.3989079
3498,16005075.639782315
3499,34513265.8796627
3500,4304794.319579241
3501,182517490.3806459
3502,90117254.16086599
3503,48888126.76831092
3504,105518000.57718927
3505,11757639.7125
3506,143676194.79708138
3507,257976678.5625
3508,29837031.255703084
3509,13865687.419807691
3510,42648611.12456505
3511,53194422.83040731
3512,146293021.5
3513,27202667.82185496
3514,41502706.474134296
3515,10303469.76477297
3516,22218323.62795139
3517,676523266.5276779
3518,58018549.562532924
3519,23593525.866519768
3520,16866910.117181286
3521,10252708.595534313
3522,16454530.3875
3523,29000347.85
3524,88901392.9327082
3525,173454883.0125
3526,46650147.45
3527,36648287.87901977
3528,54508215.23978231
3529,528503095.025
3530,66628282.16790731
3531,121755637.71368697
3532,113082588.86538486
3533,70271579.23777936
3534,46488902.4875
3535,233734408.17713624
3536,25631227.37122126
3537,75276515.16001317
3538,110934134.3020715
3539,109238297.41968875
3540,43338923.846691586
3541,44447129.828571424
3542,63606164.31986239
3543,1977170.7417562671
3544,54474310.996691585
3545,13832964.583283484
3546,12829385.616519766
3547,242938799.6375
3548,498029292.4125
3549,29094223.6125
3550,430913436.4
3551,182734161.8408402
3552,68351529.03177929
3553,107787580.8
3554,130997742.5125
3555,123659286.9375
3556,102933180.05147395
3557,44803112.97555705
3558,136855292.75
3559,61901195.84049559
3560,15095579.484289864
3561,96621652.4259552
3562,48215241.33773376
3563,11907752.65
3564,7060568.738497307
3565,31980570.480940938
3566,44689745.23348949
3567,40802825.77430556
3568,8389901.762519585
3569,125905999.725
3570,8761526.27754291
3571,73574685.41787417
3572,184984886.5625
3573,9024027.274740849
3574,36211804.59111583
3575,21398195.854905214
3576,65780311.40893606
3577,18684013.38207924
3578,103457026.96407774
3579,57058703.570511654
3580,25622761.3
3581,55485464.440438844
3582,83821167.9338768
3583,7605993.821875
3584,26863669.375575244
3585,87213069.29892382
3586,32640896.503631283
3587,7629351.929019766
3588,14124329.886535699
3589,34790515.661805555
3590,22275040.33856838
3591,421303327.1125
3592,4964762.0079153525
3593,6780695.642248792
3594,11066185.95
3595,57481492.68118956
3596,76722059.55598564
3597,16366698.921173433
3598,93620364.55423027
3599,26181583.061487712
3600,9459385.6625
3601,6095941.006024202
3602,11763498.22047911
3603,23578029.775
3604,11218688.127656443
3605,72554281.27881256
3606,17834177.529019766
3607,61803971.605424
3608,185265872.0875
3609,9500238.73154321
3610,70695136.51290862
3611,2329762.7205049004
3612,11262166.3375
3613,23421256.566519767
3614,76916809.63501318
3615,63410442.0984576
3616,48279238.25121234
3617,44441346.37966271
3618,91848241.27251318
3619,3635997.947563025
3620,81219977.65782389
3621,277826358.3377523
3622,198937946.54642856
3623,106393048.00244156
3624,5252500.08501277
3625,5182862.892775757
3626,83321895.17751876
3627,102983128.53969483
3628,499443889.3432671
3629,21769834.061691
3630,4509377.483882729
3631,150772236.7875
3632,62882533.86014493
3633,118443424.98510623
3634,4889847.251261354
3635,27626355.26233428
3636,69933183.75680403
3637,18995780.361521296
3638,48786937.827463664
3639,123914027.56275229
3640,468300787.55
3641,17295988.969807692
3642,11800013.091519766
3643,24402191.654474024
3644,20581221.288391247
3645,58878060.25685853
3646,52426461.0
3647,61120856.442129396
3648,13370274.793487689
3649,17494978.4375
3650,36839687.4125
3651,367347366.3875
3652,15068415.41003063
3653,221767492.4109489
3654,16417576.607307691
3655,39481181.18167864
3656,23563639.516519766
3657,3806678.843283477
3658,16400306.214681286
3659,116625634.60919158
3660,402301836.4529362
3661,30001064.080770157
3662,51853257.17169158
3663,407278813.0191389
3664,4993933.772387374
3665,8690295.875337029
3666,21188473.511292614
3667,91306182.37631753
3668,68018175.18452604
3669,13462381.262752295
3670,89213314.17024554
3671,38613306.46398178
3672,21032218.902578086
3673,169938748.32032388
3674,48897722.92353881
3675,366271412.8125
3676,86879775.65218927
3677,21139049.7625
3678,43409989.44534601
3679,37660415.61478231
3680,21090100.763219155
3681,24757219.46696047
3682,226828286.8875
3683,16354555.173785638
3684,76979566.69751318
3685,104110081.47718927
3686,9482930.6
3687,133275645.92525229
3688,8941785.41904321
3689,10180820.677204706
3690,77676614.25218926
3691,15489192.130741129
3692,4438255.4184007095
3693,228268951.13561755
3694,105954622.17647395
3695,98580095.70098995
3696,62681506.85
3697,63660064.33186616
3698,80231707.56316243
3699,18864560.0875
3700,15800480.949946076
3701,49640830.954144016
3702,4777482.309375
3703,127154640.04092622
3704,89418692.60475287
3705,21955898.591802992
3706,116181317.99283043
3707,7431543.446530001
3708,30460319.403505765
3709,358973360.3125
3710,22720625.726068377
3711,9224522.414486373
3712,42751289.065183215
3713,52999372.41633342
3714,6767870.5375
3715,49519815.01386522
3716,28811481.026568603
3717,2954215.291099822
3718,23179548.398230135
3719,67915248.42988828
3720,14153086.207079241
3721,6989148.121875
3722,98120303.21676895
3723,6050611.163155483
3724,28115602.83894646
3725,19005637.404019766
3726,16181564.4
3727,99606547.2752523
3728,148280605.8158773
3729,36291281.4875
3730,92083637.9884552
3731,141703932.16468924
3732,4586043.051490756
3733,176985151.9625
3734,352750018.4
3735,46730408.265839785
3736,71443258.10847288
3737,35681816.84413682
3738,6685574.2027240265
3739,20544262.40103836
3740,30190472.425
3741,23745477.669916242
3742,93338712.1672943
3743,24975419.40878544
3744,116649594.9359489
3745,94070172.6707128
3746,156404446.57251316
3747,2818075.2
3748,32336103.397015054
3749,14873845.357079241
3750,5779321.527806576
3751,28050889.868546057
3752,9215917.824139468
3753,27681972.679019768
3754,69780070.7846989
3755,84414372.13724057
3756,22079623.85730769
3757,350384913.9125
3758,181282453.54719892
3759,13458815.27631579
3760,144948876.425
3761,69103084.79300681
3762,250252022.775
3763,24735404.027282316
3764,73871273.80958554
3765,21091035.76398178
3766,39052159.76832582
3767,30302844.143918592
3768,12985465.525
3769,5475646.399174476
3770,28675085.029019766
3771,84769921.0071104
3772,50031145.61545139
3773,57600399.69522913
3774,38517777.956461474
3775,299192941.7045597
3776,90920324.34981659
3777,13646021.379460473
3778,3926451.2385979937
3779,26883087.90295139
3780,10293394.754933156
3781,38318375.104749076
3782,6719216.891131285
3783,27412326.654471576
3784,9816958.525
3785,415921830.3375
3786,44481543.25952381
3787,275454513.3125
3788,535042042.50957453
3789,21866071.96003063
3790,5870431.260678349
3791,44435778.23648772
3792,2455464.703827529
3793,10517074.540898547
3794,16179105.86477297
3795,523162798.38457453
3796,26618604.66139983
3797,33799126.675
3798,62642800.99264313
3799,21284697.06003063
3800,11024783.647908544
3801,66662874.395576194
3802,14505123.448530387
3803,17043989.62583647
3804,2940453.761377425
3805,3578831.673321113
3806,122193531.7141368
3807,20330283.38944673
3808,10685989.07631579
3809,52830053.12971378
3810,22647038.329019766
3811,19399023.54045139
3812,10787083.3375
3813,1599221.525
3814,23499057.452578086
3815,176345649.4471354
3816,101313036.06494156
3817,138473020.575
3818,116182645.14229432
3819,27583480.1625
3820,119685982.87905605
3821,149237595.1403646
3822,28563413.334313106
3823,19837347.539782315
3824,16643207.132082695
3825,20306295.22901977
3826,102626711.92420833
3827,72081964.5252523
3828,11981119.8375
3830,82894564.9690739
3831,11975720.925252292
3832,163879068.7078239
3833,49002883.43236129
3834,28959556.404019766
3835,25916725.753399126
3836,11744013.250252295
3837,72219950.61109434
3838,156959233.325
3839,15627205.666519767
3840,34229051.42728231
3841,13804168.8125
3842,21211242.925
3843,68629290.78671336
3844,3967290.3749010214
3845,2665548.075
3846,9878729.34404321
3847,8766618.29853039
3848,13635199.011030387
3849,125068667.1234489
3850,36108788.24875102
3851,71307776.90222278
3852,21201450.68886768
3853,98732164.1846856
3854,6035312.437376948
3855,3627629.198930098
3856,42701440.941663735
3857,707573614.2722092
3858,3050089.97801042
3859,16667524.507587183
3860,50451446.30472646
3861,49751891.7928843
3862,22079286.725
3863,117147104.34718561
3864,98002520.35228297
3865,90892479.47847465
3866,20179390.875209466
3867,106705133.1875
3868,12465656.1875
3869,104090780.2047939
3870,111395955.43468562
3871,649738401.9722092
3872,14344331.125
3873,57743401.146809794
3874,12352132.799748994
3875,107319675.55929784
3876,5272257.9875
3877,80761902.48279557
3878,180175967.30154312
3879,418145391.4566389
3880,26593303.832416244
3881,2170279.5077327183
3882,9787259.60165539
3883,9717264.845408544
3884,227351932.2377523
3885,48611697.454651706
3886,90762676.13889557
3887,17679075.6125
3888,9978211.421565343
3889,78649939.9198077
3890,99209828.84002087
3891,10704209.138594147
3892,18041805.745384544
3893,428978595.45
3894,136106444.6234489
3895,63915258.872935906
3896,75680401.59750709
3897,14902856.426481778
3898,41774352.07169159
3899,689072714.0097091
3900,59840736.85
3901,3516309.5625
3902,2507014.714314108
3903,18263113.465078086
3904,24677840.80712334
3905,41750854.46595008
3906,103166791.61705151
3907,10855619.333148895
3908,8359402.170648895
3909,6581186.145833333
3910,47655937.61018829
3911,6751248.631680866
3912,30090517.898627378
3913,85767717.92065218
3914,45209707.91808866
3915,210250081.9875
3916,3756569.170311611
3917,18992867.520087183
3918,14927940.172431678
3919,105405409.55578224
3920,28161511.522606216
3921,5283920.715686292
3922,37607251.76601849
3923,81143426.19136526
3924,60132701.484759346
3925,156210277.4
3926,17529251.913981777
3927,89666178.28468561
3928,97497058.4658773
3929,57219928.80474909
3930,5318562.376296298
3931,44573860.25455515
3932,23368609.807587184
3933,57071576.00319226
3934,95660012.40240724
3935,3999004.8125
3936,6083722.842398684
3937,295094054.77317494
3938,15305157.32696651
3939,56325688.57105942
3940,11153733.986639468
3941,30517837.263817906
3942,305627809.925
3943,819758394.0222092
3944,37315711.818963215
3945,77661340.57687238
3946,5750536.023925966
3947,63690408.6472548
3948,11157920.953336466
3949,12651174.894579241
3950,14388095.804019768
3951,16315166.0125
3952,111912505.300878
3953,56234975.21605694
3954,404339397.20524997
3955,25000298.85730769
3956,101116486.87355328
3957,29230297.66545139
3958,6909306.45
3959,20606697.099685475
3960,5658178.920415352
3961,91297733.1815739
3962,15403877.345087182
3963,46963876.65772406
3964,789193160.4626598
3965,174648428.86468926
3966,62062342.46143452
3967,420571390.39274997
3968,89358064.88990724
3969,14105351.486030389
3970,40517885.2109201
3971,41592108.26863398
3972,37940870.50401977
3973,82496566.11015001
3974,3589897.483841628
3975,221685318.503375
3976,106606491.41699268
3977,123453306.21001318
3978,150546955.5359489
3979,13981523.32730456
3980,10686987.21957924
3981,6590504.9750195835
3982,13299626.375
3983,39077752.28449712
3984,415827737.4417182
3985,13018719.954019766
3986,982360860.1016779
3987,46329422.10540731
3988,42404377.599454075
3989,44117600.847951554
3990,69709930.93484709
3991,6690568.38603039
3992,4466865.485565931
3993,21330163.794916246
3994,69043198.74669158
3995,36604509.58419158
3996,72459559.27821237
3997,48818015.593526475
3998,67672243.99199268
3999,40136134.31545139
4000,127037748.65972224
4001,17503084.929581646
4002,124738013.93472223
4003,3245166.202064709
4004,80540597.5705488
4005,19134465.462272972
4006,77491991.71429564
4007,4994871.965880471
4008,17081094.65041519
4009,28268002.167941608
4010,9380924.016823642
4011,28070113.174099565
4012,167098720.09221014
4013,129963533.04580697
4014,5515356.3000951
4015,74991454.39669159
4016,74514110.55523294
4017,47755654.67774354
4018,155208850.2828239
4019,338375111.1472753
4020,8578323.185232228
4021,102431830.8078239
4022,20478962.929019768
4023,99103698.7453239
4024,33009588.2375
4025,4120237.51904321
4026,98320040.36651424
4027,96688367.1259552
4028,9333958.929285929
4029,3596114.732791055
4030,30197513.92015501
4031,106739231.6033773
4032,5488251.693425637
4033,12157521.988690423
4034,10218559.062240848
4035,164124541.46655607
4036,8493485.05654321
4037,47133936.2125
4038,14894028.350108404
4039,32965061.444018804
4040,21837636.3508534
4041,11262922.729259014
4042,92674891.65736611
4043,28896181.39344094
4044,70144706.23012188
4045,205367505.79084733
4046,29213895.4875
4047,489136729.2875
4048,20340732.725
4049,411210.354083161
4050,18387986.261030387
4051,474942541.4625
4052,22900498.898230188
4053,4077377.195833334
4054,8124827.826253438
4055,36799571.887166366
4056,38092263.552137494
4057,3994271.7671389272
4058,67630234.9875
4059,8823300.859360272
4060,105071893.90782389
4061,119048321.21045832
4062,66446528.688656054
4063,36890400.54001671
4064,471760349.75
4065,99381191.83501318
4066,20866664.14753063
4067,51519773.49606217
4068,15392192.42337511
4069,45104360.630188294
4070,17775139.0375
4071,21101202.13898178
4072,20562806.413981777
4073,110075138.44229431
4075,18960833.025
4076,68504138.80328844
4077,481811307.5777708
4078,14544121.939798187
4079,100880107.7859489
4080,9229355.99404321
4081,26491901.68580349
4082,310518333.1932463
4083,50463059.18905169
4084,2651516.284376822
4085,45559016.648939885
4086,114422634.7306459
4087,26692065.07193692
4088,76539517.66326807
4089,41741151.73377892
4090,14916040.240714222
4091,136628871.3160925
4092,51834349.44882986
4093,96337494.20388682
4094,8693884.1
4095,184745635.34875
4096,29272234.15
4097,62188805.08827837
4098,50124648.79836567
4099,26789180.508333333
4100,142311688.172448
4101,60179693.93881486
4102,48612163.114195526
4103,81477050.3173378
4104,19261804.79480769
4105,2732212.7263657404
4106,14068063.398530388
4107,3977558.8194811917
4108,29350600.5746269
4109,4189967.915234071
4110,47760867.88080742
4111,11439728.75441198
4112,30112012.258380312
4113,9399207.6375
4114,201495913.62211537
4115,20027071.03855769
4116,47416506.79726252
4117,22523445.041924827
4118,78687805.45186631
4119,50696750.64105694
4120,9090244.268283477
4121,25571316.097607605
4122,173336510.1375
4123,25393129.185587976
4124,64738955.52778914
4125,53042467.686343595
4126,22432745.01158583
4127,11778476.01415539
4128,23347629.59770424
4129,5320424.039180983
4130,20824869.154019766
4131,120742606.9627523
4132,121284858.11720788
4133,62156070.73483552
4134,21875224.814840212
4135,30997199.289782308
4136,453100819.8627453
4137,21573831.233694773
4138,80338753.44002603
4139,36580500.60625
4140,9431392.265270779
4141,15780348.6875
4142,66037502.466333434
4143,66752011.42169158
4144,8932097.0375
4145,76858584.51634616
4146,10167786.09642947
4147,4264171.255783477
4148,57310562.40408965
4149,11703483.319326049
4150,10284863.07353039
4151,6751309.122251022
4152,77166529.57157908
4153,22502618.9375
4154,14809353.778631285
4155,37910603.41743363
4156,33125776.43233428
4157,35118017.92946047
4158,36466614.80106678
4159,87518084.57244891
4160,424642212.86671823
4161,28287502.9
4162,33912215.63148015
4163,106043464.50887682
4164,25716816.21354466
4165,21060086.407079242
4166,14278427.554019768
4167,115947360.83317058
4168,19161005.6125
4169,11734422.570534313
4170,27323841.78724085
4171,166020652.64719892
4172,62509012.67744156
4173,24888979.725
4174,18708710.466666665
4175,10480450.409313103
4176,31642897.210106216
4177,1896547.0452327183
4178,539004564.0405667
4179,13932369.00707924
4180,124913402.6377523
4181,54010031.63630941
4182,21616304.526639864
4183,85166784.84328225
4184,34147294.24027403
4185,21843157.369460043
4186,33215977.927578084
4187,24729788.622628883
4188,26578875.739782315
4189,9141632.41525292
4190,2416781.9873032407
4191,13904982.924533475
4192,3029584.032714211
4193,285472195.3875
4194,171308932.4984489
4195,17873581.345384546
4196,36909306.95295139
4197,41100205.640169844
4198,4452586.099520677
4199,48230426.125
4200,74630240.00512187
4201,104114594.69734176
4202,90850731.76494156
4203,24725249.303631283
4204,117344005.60608931
4205,17032309.148530386
4206,59109242.417356774
4207,478572169.6655668
4208,657278618.1891779
4209,75748080.480343
4210,88187708.24751318
4211,63967747.25763838
4212,592004644.775
4213,10896975.265224028
4214,45714781.268307716
4215,5768099.710800411
4216,7768464.675836466
4217,9090499.504577467
4218,59813875.63874443
4219,48657548.82079193
4220,64596853.22427448
4221,2797910.4774705525
4223,90136035.44262187
4224,17387491.965078086
4225,46390853.126469046
4226,31773359.09740155
4227,16480858.9875
4228,2389480.274936456
4229,70784882.57251318
4230,67834791.5601062
4231,24305085.064210627
4232,44431195.82795139
4233,63334028.7222548
4234,105258225.13755634
4235,14926949.74480769
4236,9395728.788155483
4237,17238048.114782315
4238,58731002.247254804
4239,198656120.853125
4240,268131435.8125
4241,229801788.9236989
4242,21274069.2875
4243,5945482.156952079
4244,43302845.02855694
4245,8665047.857079241
4246,10207031.365078084
4247,69179697.1957128
4248,31116893.833167613
4249,38679352.49164401
4250,80313287.15578651
4251,8232176.461662501
4252,134303657.1725132
4253,151421139.28226706
4254,66665151.646940365
4255,58376127.05162786
4256,380856186.11775
4257,111914751.4002523
4258,45829673.20919158
4259,6163025.174740849
4260,101502355.53282389
4261,43069616.09152201
4262,4840061.610675189
4263,15356365.705386225
4264,448150125.2375
4265,13345786.354019765
4266,21297773.876068376
4267,83164517.45
4268,22657373.525370415
4269,36776971.60357143
4270,568034635.7155668
4271,36580317.716971576
4272,3667145.4981219373
4273,28320656.615078084
4274,86983291.53490353
4275,27560856.94045139
4276,43121813.62747017
4277,82651878.50489369
4278,24859883.040078085
4279,47372290.82081878
4280,5937612.462008238
4281,5683084.8318699775
4282,28192794.75
4283,3622402.381791295
4284,34964245.727105714
4285,3285630.924053828
4286,589674149.8052499
4287,54568332.191115834
4288,72836502.66768089
4289,89876959.24199268
4290,82159015.85817058
4291,26990455.027578086
4292,14316795.252578085
4293,22498830.554281265
4294,103404679.19751318
4295,122954055.4625
4296,62972219.41065991
4297,42407270.4625
4298,11763935.562033478
4299,9052189.5375
4300,104481260.58661178
4301,21395449.287240848
4302,9589239.697732229
4303,15239172.5625
4304,26449512.824620396
4305,42939104.761079386
4306,52951189.05417352
4307,4542360.771208481
4308,2685743.848487842
4309,66893905.323923804
4310,4624665.245349849
4311,5112911.685045949
4312,66255823.32495365
4313,118763232.04597573
4314,20831329.855703086
4315,149321523.7306459
4316,216570623.3375
4317,2967607.7958578942
4318,81825459.90264311
4319,3366845.472062405
4320,16358750.963568378
4321,75778770.52169159
4322,20236103.724047557
4323,40079608.029820524
4324,16296510.651068378
4325,8011797.175
4326,29676948.966519766
4327,113846094.26416855
4328,25859218.22901977
4329,4091186.366642794
4330,753279180.7597091
4331,78144172.58371921
4332,76236304.83419159
4333,12209564.71103039
4334,96348582.58064587
4335,109232870.3759552
4336,78174242.37642147
4337,3183489.8306865036
4338,395558953.7
4339,151334625.4734489
4340,25567330.618174035
4341,31430085.534493845
4342,20257685.28658392
4343,51593059.896279395
4344,9749985.216786528
4345,4863794.468797929
4346,81360589.48824255
4347,98718375.24393304
4348,6332974.420534312
4349,210260451.75782388
4350,14927855.715836465
4351,250261605.919697
4352,3390583.6875
4353,180471179.07219893
4354,89742870.36359434
4355,43649914.08800628
4356,9912028.019807693
4357,162619047.1213141
4358,16144386.094046008
4359,95003842.1515845
4360,65606176.7183465
4361,94215739.62744156
4362,9412939.7875
4363,71776935.4884552
4364,171909090.9362375
4365,7998496.349748994
4366,69198798.97886722
4367,81759158.16581376
4368,149061888.4234489
4369,60743080.37486912
4370,85450372.85537417
4371,100287069.7375
4372,55193774.735003546
4373,15802541.704019766
4374,71109383.73982595
4375,6985726.3684256375
4376,1526438.1013657409
4377,16833330.915078085
4378,106506881.95
4379,126706205.57386366
4380,122375297.15435071
4381,125654495.00337729
4382,447747878.3375
4383,285654790.475
4384,56835547.979977414
4385,6462403.614292762
4386,158123560.4752523
4387,118828617.4588141
4388,35612064.842327476
4389,297547135.55
4390,10325753.2125
4391,7562676.503631284
4392,124478237.68968925
4393,71312909.24481839
4394,61776103.253460206
4395,13674021.854019767
4396,77391396.29669158
4397,33633079.975
4398,192850661.8625
4399,9716202.404739777
4400,29674848.6065016
4401,29298103.275
4402,42693163.876355186
4403,56904243.62347398
4404,57742103.077696666
4405,49670304.93465957
4406,9525384.293283477
4407,13573689.470714223
4408,9949684.169579241
4409,4243374.340803876
4410,17923993.684134185
4411,23343154.802282315
4412,92326752.12837729
4413,71484447.20578223
4414,4313341.912639318
4415,31139936.313568376
4416,3809442.4990929826
4417,176965619.11529016
4418,6825850.528531792
4419,48758388.158275925
4420,446262134.01085645
4421,9906406.379047556
4422,18654903.766663734
4423,24689915.56003063
4424,13792342.307133114
4425,19660107.825
4426,59066195.325
4427,70597499.81526423
4428,16157146.341445252
4429,9846802.085408544
4430,6977791.1249460755
4432,148149922.91502088
4433,278993867.2
4434,467189785.4125
4435,31277472.85518829
4436,9351483.5375
4437,12864696.37353039
4438,5529985.562081964
4439,31293205.511805557
4440,9093319.5375
4441,76398359.1321104
4442,8494484.206890693
4443,5985697.392867861
4444,10316347.897757273
4445,22447217.97636768
4446,10326703.21103039
4447,98364558.82718927
4448,33562414.61356838
4449,7860669.366761768
4450,147448535.125
4451,424483107.905714
4452,34982002.67888852
4453,14660769.327578086
4454,2991541.7246613367
4455,11913293.76236434
4456,80346034.06494156
4457,9998826.058453193
4458,11347748.200228881
4459,63071835.30200982
4460,26437020.958952926
4461,163565932.6234489
4462,94162633.35663214
4463,15123672.964098344
4464,76865128.11490723
4465,46253988.478615835
4466,4510681.12023876
4467,36806272.40214479
4468,7666860.998300411
4469,48093686.385964654
4470,45349155.346691586
4471,3328800.9451962654
4472,93355550.5125
4473,23623934.154019766
4474,26303489.552951388
4475,16030962.691960473
4476,3014334.3865106683
4477,75257092.26601303
4478,9530032.895953193
4479,9079109.0875
4480,113558313.58512835
4481,8138921.125
4482,37317702.65295139
4483,7164822.9375
4484,8324494.98077212
4485,46936345.38419159
4486,56117850.99113128
4487,52357972.53345744
4488,73860416.65218927
4489,70256170.8827242
4491,212978844.69084018
4492,42555302.81010227
4493,18228475.395087183
4494,28502427.640836466
4495,35678149.32366384
4496,42415793.718600735
4497,18278320.59753063
4498,65383723.03671336
4499,5444726.43603039
4500,154815469.090875
4501,81614410.15449268
4502,18664859.258274827
4503,472415031.575
4504,12509000.94853039
4505,19025030.687240846
4506,81831409.52667984
4507,5369412.177047242
4508,10450927.075252295
4509,6919840.586030391
4510,24394184.04491624
4511,137235450.84002087
4512,8363739.2754032705
4513,92646348.43638083
4514,34645599.54126994
4515,278823908.7
4516,12856317.425
4517,25565050.47193692
4518,288060141.45
4519,97886484.45006108
4520,38004117.190572225
4521,53504432.56062497
4522,85894022.29832497
4523,50089495.18141934
4524,9637967.854748791
4525,20346307.238568377
4526,7041415.406660801
4527,48370806.79279177
4528,12920926.88207924
4529,17667662.74457924
4530,39668669.80797804
4531,9333491.1625
4532,35066637.290513396
4533,36010481.137639605
4534,19071499.2892217
4535,101176083.10218927
4536,35526817.8098165
4537,15034243.895714223
4538,69941427.72446641
4539,7477407.084217997
4540,90001271.55965085
4541,46001393.66536068
4542,86669576.60793322
4543,85775786.81285807
4544,20440749.152578086
4545,15498588.201481778
4546,4855752.555831963
4547,10377895.63297911
4548,18650885.426068377
4549,5619137.325
4550,28440372.860030632
4551,927565729.3929098
4552,135660046.82247978
4553,43052464.655298814
4554,410724252.82921827
4555,8039711.786030391
4556,74458342.2847548
4557,28824648.76545139
4558,53183602.091131285
4559,61521731.29113128
4560,78461158.32205036
4561,59223061.389812134
4562,9697340.26904321
4563,274801865.91149026
4564,4425278.662951681
4565,3162504.5630438207
4566,56314175.90987756
4567,93548099.12971014
4568,16915292.23603039
4569,48387673.047606215
4570,58214163.460457824
4571,9785959.075252295
4572,64551821.05801858
4573,79133955.14845654
4574,3477977.4520169934
4575,10073654.81957924
4576,30071399.959792726
4577,31304721.377578087
4578,73550657.35489729
4579,30988610.129019767
4580,72655769.40497167
4581,23302939.994916245
4582,84924017.83510621
4583,235305962.0625
4584,27942645.688568376
4585,120857846.525
4586,30803465.554019768
4587,19237822.382587183
4588,172704489.05
4589,23969138.90758718
4590,1003460657.2070564
4591,76501921.08179651
4592,4567977.012081964
4593,5824861.647752294
4594,62955266.57759355
4595,373686434.925
4596,419349711.8
4597,60983299.57430556
4598,160869574.96150228
4599,18700203.575
4600,11020063.72216821
4601,73539927.0601062
4602,68924157.05384615
4603,49418141.952701196
4604,30664693.943796586
4605,301571765.1375
4606,113942354.8359489
4607,45221175.14312745
4608,29943657.601212345
4609,57174607.57775755
4610,152137789.7953239
4611,114132139.5625
4612,46899919.52073708
4613,73411698.10974285
4614,45020593.5375
4615,28566196.245667614
4616,5304246.063823722
4617,102130903.41490725
4618,4686796.327501526
4619,12540356.15
4620,11131286.2875
4621,294904508.8549097
4622,26812196.475
4623,43852177.405098684
4624,2393942.7875
4625,20211011.723899826
4626,15707185.4375
4627,37829677.08680556
4628,19084162.216519766
4629,4920671.491508367
4630,30024249.2375
4631,34228673.09374426
4632,21986269.590667613
4634,5399376.431283039
4635,5290676.94404321
4636,166791767.87243167
4637,6386494.820091853
4638,37644914.22549604
4639,6608237.110252294
4640,69321403.357664
4641,24194271.774030842
4642,28307671.070667613
4643,99247905.0377523
4644,15062005.445279604
4645,6283939.4096428575
4646,994206211.9641778
4647,7717875.156168163
4648,30083366.36463567
4649,87413604.3672943
4650,91699552.00338362
4651,67452206.64225286
4652,451811365.9474136
4653,5532813.5994128315
4654,88983146.82740724
4655,89790492.41721013
4656,40897525.64702381
4657,32568130.938568376
4658,70596375.4
4659,26139009.365078084
4660,17590671.125
4661,22855408.9875
4662,19314971.219579242
4663,14521766.866519768
4664,45344975.666666664
4665,61472743.42882242
4666,79385435.40804881
4667,232829284.1357258
4668,3758457.2485372922
4669,24485774.266519766
4670,88718866.39590408
4671,15163478.8
4672,6062850.562446076
4673,29574833.24317714
4674,12729949.729739776
4675,24177618.02862682
4676,9142305.19853039
4677,1898630.5246444829
4678,20554372.587545455
4679,2591398.133275836
4680,4222410.09457924
4681,55789962.2453122
4682,24258397.389681287
4683,6169007.576566247
4684,10179763.827578083
4685,77044793.63773581
4686,17582463.99049879
4687,34086018.3921627
4688,163744644.6002523
4689,22394170.66003063
4690,44445417.76545139
4691,35395926.00684502
4692,42275182.35295139
4693,6147715.775
4694,25137200.515078086
4695,62442992.80318234
4696,24599013.34045139
4697,72537547.01699267
4698,13580160.989332328
4699,23230262.84400161
4700,146961728.7
4701,239663886.075
4702,22389023.241131283
4703,17116938.65
4704,53061481.6737073
4705,63991726.00838071
4706,121904124.34722224
4707,25827173.527282313
4708,34914222.06128676
4709,5181864.70110294
4710,256153689.225
4711,70498171.817386
4712,10977082.495833334
4713,257669626.7375
4714,21225453.60136768
4715,2696629.681476811
4716,14067180.336030388
4717,54025831.388093494
4718,46297899.978450075
4719,149976271.86412683
4720,13809812.51980769
4721,18492358.777724028
4722,84692255.01349165
4723,9408975.725
4724,216487283.1676436
4725,19406331.808719862
4726,10713844.974533478
4727,28338263.0625
4728,53264154.91032054
4729,117437267.7859489
4730,2709965.467769837
4731,36284459.766050056
4732,392904523.5126599
4733,7156762.104288712
4734,295626177.26125
4735,68670709.2222548
4736,43045449.07401066
4737,92463487.63892147
4738,5684884.465350384
4739,94438071.93078224
4740,691366797.7
4741,5237034.973588668
4742,88333795.31001318
4743,3684387.5065836795
4744,1681665.6808090701
4745,386967165.76671827
4746,93156908.52724163
4747,45379992.97682291
4748,100290518.0847548
4749,16565861.907416243
4750,29561632.2625
4751,133623130.56739989
4752,8358459.791519766
4753,18991087.4748414
4754,678367727.608928
4755,59010595.02795138
4756,79412783.00927229
4757,188542478.5125
4758,122718296.61721015
4759,537433566.3875
4760,2149515.4888657406
4761,20565990.70559626
4762,7287215.174748994
4763,3954198.3906579316
4764,447089435.275
4765,61147871.99554627
4766,157256851.0306459
4767,67312923.21689628
4768,101615026.0634552
4769,85021427.87535444
4770,100182963.98994157
4771,175104990.73299637
4772,39993236.52566987
4773,35239484.110106215
4774,31643694.730703086
4775,3153503.4210016252
4776,10151801.239139864
4777,328538210.8375
4778,131716137.50544688
4779,16985403.790078085
4780,405578063.1323432
4781,3523314.497094985
4782,69833144.2758535
4783,44295430.516198434
4784,27526736.21467173
4785,28529158.869216252
4786,82245262.9236989
4787,120941692.2781364
4788,136271319.38926283
4789,17130726.78286772
4790,105323249.5771355
4791,31395803.02606838
4792,31439268.205703087
4793,43795911.95535715
4794,11518028.2941608
4795,20573678.20106838
4796,14846498.100748355
4797,866377186.8391778
4798,108768523.5610629
4799,40281083.875
4800,60011939.95969115
4801,9255183.65131579
4802,61502528.35448106
4803,7135088.0625
4804,16089098.163155485
4805,12693222.274533477
4806,22589327.225
4807,3773093.927556859
4808,16315757.638155485
4809,122958215.7734489
4810,2482659.1750512877
4811,23147818.00148178
4812,71228934.88886768
4813,118726060.43465085
4814,6519922.360841157
4815,46205325.32173643
4816,55933184.08091676
4817,16702853.80770047
4818,34268973.779471576
4819,16385660.88297911
4820,55666245.42279861
4821,7990357.669613749
4822,6508109.842248388
4823,27763352.91545139
4824,63330753.89863374
4825,88354800.83213858
4826,28336486.35401977
4827,86107533.63419159
4828,58195752.12233551
4829,73993141.65053885
4830,53422459.407318376
4831,69964875.47348247
4832,27906328.284313105
4833,16786331.675
4834,16057011.99480769
4835,62421133.0
4836,28716493.082587183
4837,207407205.2114753
4838,59264412.971357204
4839,3747912.75
4840,441944129.0625
4841,2499633.8150020028
4842,106889481.44722222
4843,153174355.7051436
4844,9714418.400732007
4845,41808446.52538659
4846,14414879.341034066
4847,566019144.1306938
4848,73734559.89161405
4849,187172399.8625
4850,37456190.15121235
4851,1808195.8270839136
4852,13529533.025
4853,135787322.89745122
4854,32112875.1125
4855,82309781.18605328
4856,24967301.432884548
4857,66050579.797503546
4858,60475653.60612948
4859,32687911.70106838
4860,565198039.975
4861,171888513.4021273
4862,134394900.225
4863,213199336.96636528
4864,81860589.65919158
4865,77155965.70159265
4866,30334217.157884546
4867,139286995.86814588
4868,10587191.45
4869,7054541.215224028
4870,32718786.2125
4871,68141010.13590132
4872,5662269.685447643
4873,30153366.22066761
4874,110179672.72218561
4875,45960240.03070308
4876,43473346.43978231
4877,80550398.0322848
4878,39485955.775
4879,75690838.12166974
4880,40771299.63430957
4881,11926041.608082328
4882,31041856.946936917
4883,101530813.61452925
4884,133525813.75218925
4885,17001461.813568376
4886,25562765.102316476
4887,12237877.84853039
4888,9509096.954019766
4889,10344853.65654321
4890,175794348.04346794
4891,6427696.761322292
4892,17455710.570706155
4893,103848833.05753884
4894,10191851.682859227
4895,19410963.62330041
4896,72475133.7625
4897,11211907.450252295
4898,159779147.94751316
4899,147242068.8375
4900,199632258.05
4901,83555602.15463984
4902,8659255.9875
4903,13159936.5875
4904,342162917.65
4905,34491850.6995857
4906,2919689.999137181
4907,933030178.6054099
4908,66187216.09040979
4909,87816303.8259552
4910,60866809.20277828
4911,32723954.6114723
4912,89385218.31490724
4913,38319891.86768829
4914,115922995.6801054
4915,108079687.9134552
4916,42198209.66545139
4917,18523619.58683305
4918,136334281.6100132
4919,71289301.66348621
4920,68463877.69381142
4921,93791497.95512187
4922,29616260.929019768
4923,14696670.882587183
4924,85046157.7634552
4925,145035960.9125
4926,13115847.91465196
4927,69531278.42095745
4928,40615200.23952362
4929,40879035.15
4930,38334023.46545139
4931,58028308.57786069
4932,9363916.623530392
4933,118146517.7703239
4934,9453194.779363135
4935,529963292.45970917
4936,13006614.24753063
4937,7413539.343283477
4938,26717969.37795139
4939,3752021.0006554825
4940,14239430.282884544
4941,121060457.71790731
4942,7597038.836030391
4943,76372810.88078225
4944,166758255.5453239
4945,9020166.587240849
4946,26163498.3
4947,4486571.420214212
4948,23675636.53603039
4949,61127338.26820984
4950,91002671.73937182
4951,80947534.48234767
4952,46183408.88788817
4953,108016114.8484489
4954,71124693.58671336
4955,10626620.92353039
4956,8291127.566519765
4957,55566602.89770599
4958,22034450.112978216
4959,40880705.861922994
4960,19503703.5990357
4961,156273676.76468927
4962,12404664.21103039
4963,87635136.49908583
4964,9824364.269807693
4965,8461271.581317848
4966,17915948.32636768
4967,108192530.1860611
4968,51015592.56478231
4969,1650788.7888657409
4970,4378869.313401105
4971,89268576.98881753
4972,41426528.05315171
4973,21626070.6
4974,100047726.6625
4975,22439700.027578086
4976,6085134.8375
4977,90424153.24557619
4978,14465303.485972384
4979,29583782.3375
4980,53501352.142269455
4981,26809168.33230769
4982,176181591.5984489
4983,5610024.895224086
4984,53425780.23155947
4985,293024385.5739099
4986,3803742.675
4987,9649826.404577468
4988,10311586.425610056
4989,42336387.56760504
4990,8413909.220754232
4991,47380870.13053341
4992,181484076.50782388
4993,24806386.66980769
4994,88072641.61001317
4995,7127220.746778657
4996,39787694.463275865
4997,100655204.41000733
4998,45025105.47199385
4999,87576623.2884552
5000,145829567.2377523
5001,214274493.475
5002,236429911.24078494
5003,131895738.47554822
5004,76502520.50976251
5005,36119128.09304148
5006,419648203.1125
5007,82584220.62451571
5008,465219734.525
5009,96513398.75845745
5010,9932337.700506285
5011,36570764.16663403
5012,82446252.53994156
5013,28903623.8125
5014,66354001.23422809
5015,33234739.863568377
5016,137982223.8859489
5017,45544962.42676955
5018,56365765.375
5019,97804190.3009552
5020,24824793.63856838
5021,4824610.043612179
5022,75593230.92472526
5023,14936124.470087182
5024,146019680.7984489
5025,9009099.14327212
5026,186281865.625
5027,55713197.46986129
5028,84638997.5980774
5029,69400680.07744156
5030,42811410.19911449
5031,9404187.497576969
5032,205504843.175
5033,12216435.476914
5034,18257509.414782315
5035,2292603.1388657405
5036,15731650.0625
5037,103341132.24353904
5038,408890254.2125
5039,15343207.67253063
5040,155120516.813698
5041,57061623.99360621
5042,22985345.131518804
5043,76078018.76949026
5044,132475325.1002523
5045,17015867.863568377
5046,10030036.329805372
5047,15565241.4375
5048,5361930.049712956
5049,147822722.2859489
5050,3046359.4375
5051,385349998.1375
5052,142053557.6375
5053,29455513.7746269
5054,33065316.08040731
5055,21607330.975
5056,8679336.888155483
5057,42452586.31545139
5058,30563714.29180299
5059,34867605.936823204
5060,103518480.63064587
5061,71652085.82484958
5062,4048797.50605987
5063,3970752.8039699076
5064,69757042.48419158
5065,45397848.3783909
5066,17645144.479581647
5067,71239187.9864238
5068,24905952.6375
5069,101639723.0672943
5070,19887281.51980769
5071,134037310.9484489
5072,139984084.5127152
5073,22049986.252578087
5074,7602556.8875
5075,38401451.50760625
5076,75648764.20660898
5077,100602839.70244156
5078,13009222.026655389
5079,13743751.954607153
5080,70875851.49751318
5081,53762176.56790731
5082,51796906.223745935
5083,7865835.512752295
5084,24589044.67930299
5085,6772042.640224027
5086,15979636.094985735
5087,8866305.108769584
5088,11368978.777578084
5089,18858197.495087184
5090,40161251.26333709
5091,36844229.29083769
5092,60566664.204820916
5093,57593863.00919159
5094,64526489.281839386
5095,153925537.7377523
5096,61465527.56229198
5097,3364090.603091155
5098,7164060.085800411
5099,17195990.62971824
5100,16657193.241519768
5101,3751700.956662583
5102,14290756.4875
5103,8198409.30131579
5104,38707363.979144014
5105,20245834.966519766
5106,11614616.8625
5107,18219740.188568376
5108,51396761.26334001
5109,3319734.867356523
5110,43446015.44045139
5111,92103878.30167983
5112,26254096.74591342
5113,5434047.774282651
5114,21483441.114520676
5115,8991412.663561251
5116,3848985.6063451
5117,255193488.3239099
5118,48811383.53040731
5119,17133762.624772973
5120,5430733.235523944
5121,99671096.00240724
5122,38807547.104102336
5123,23522815.00295139
5124,23063619.658894673
5125,60160052.823860325
5126,40912795.984443426
5127,59073707.064690985
5128,5839115.835252294
5129,14162732.703857606
5130,27432762.191971578
5131,29671240.384786524
5132,87428388.46144299
5133,218435831.4815
5134,123692989.23968926
5135,175747863.8600132
5136,16052107.195087183
5137,94219680.08605328
5138,41104037.386813104
5139,163107912.0828239
5140,126441646.4710443
5141,63868461.29760621
5142,116295808.55
5143,81452614.74611022
5144,132731996.1507196
5145,19057170.8875
5146,9371902.218283478
5147,25178481.45479775
5148,27786997.472331166
5149,10040981.690078083
5150,430404874.55
5151,481656716.15524995
5152,66223662.77251317
5153,16831336.867433153
5154,82983785.47676626
5155,11569461.383545104
5156,587114763.8730824
5157,19866382.95
5158,9615986.627724027
5159,86499792.4433465
5160,71508342.4625
5161,33394355.4739032
5162,96378957.2234489
5163,226763188.9502523
5164,6271769.095357143
5165,65446870.734575786
5166,146451451.525
5167,14128284.617886221
5168,21610522.116519768
5169,14512448.11020424
5170,36833732.1125
5171,201036289.8125
5172,13000027.225
5173,89053051.08886768
5174,104033557.740625
5175,11517377.675252294
5176,13256096.903336465
5177,155634227.625
5178,703417644.415178
5179,8628334.44984869
5180,29514927.472527526
5181,2765566.606821175
5182,61450913.42855694
5183,11601234.625836466
5184,35131188.6625
5185,10493891.62665539
5186,18378065.88230769
5187,14668550.579776723
5188,21533899.477578085
5189,65284604.8732694
5190,279050633.6127523
5191,30482679.275
5192,104967068.81348996
5193,76061779.87251318
5194,63746020.674085215
5195,233633600.61437503
5196,65461367.51655842
5197,27167465.75
5198,64946116.996691585
5199,21590964.286888964
5200,19021516.634676926
5201,42922700.780357145
5202,10445917.597732227
5203,4876520.75
5204,5406455.662728881
5205,24586907.419916242
5206,31787005.634479027
5207,5758110.5631554825
5208,15785411.5125
5209,108203688.1828239
5210,30449603.42260622
5211,17551934.925370414
5212,31231474.7625
5213,92003557.56886148
5214,1405740.5263657407
5215,26632756.88503063
5216,84617548.98333333
5217,14710590.175
5218,20984887.77537041
5219,19100681.0625
5220,81077755.79028597
5221,5805814.966388015
5222,12072226.21957924
5223,183839959.46170914
5224,5479867.324155825
5225,3423861.264952775
5226,94832319.7558465
5227,7529677.859876786
5228,57566268.886229634
5229,153796325.2625
5230,17479243.948530387
5231,33443478.6125
5232,5205163.101566248
5233,7031222.085476235
5234,93803861.80804881
5235,63173405.31602205
5236,171727669.625
5237,121925512.0375
5238,20850419.2
5239,52824329.92402108
5240,160084394.61402804
5241,70068761.88317095
5242,68674791.14364213
5243,7895054.46227297
5244,92903714.19262187
5245,17600862.97901977
5246,30123885.404019766
5247,58699936.59309397
5248,7129949.269579241
5249,89018581.50142147
5250,284214475.1125
5251,19558976.85295139
5252,1504896.5013657408
5253,16389045.312752295
5254,5432424.629838668
5255,90037241.49328224
5256,43653342.92884616
5257,15099748.558952922
5258,18411686.26003063
5259,118702250.3484489
5260,21802727.426481776
5261,107704541.37533697
5262,16264649.522726828
5263,68140474.78957152
5264,16498274.139678031
5265,30307305.7375
5266,45716813.85565943
5267,8704676.0875
5268,20581393.415670745
5269,143001261.18606657
5270,102405554.775
5271,28043370.5375
5272,98597863.84448357
5273,3208610.2636986217
5274,69976557.3147823
5275,35363524.277578086
5276,23637917.72795139
5277,8703537.052201694
5278,51320582.37336567
5279,37580321.09101848
5280,22118060.544406686
5281,23291926.402282313
5282,30876650.2375
5283,5502440.38154321
5284,19202012.523530386
5285,78765932.1957128
5286,35303417.9440188
5287,22896747.815078087
5288,6244875.66654294
5289,211853674.6125
5290,137989824.97251317
5291,570614538.0266778
5292,215102653.72213545
5293,152775212.7875
5294,11909663.341951236
5295,572016996.2655667
5296,10053731.006327365
5297,85165354.01699267
5298,127148191.45938626
5299,13024625.228202363
5300,7248506.811030391
5301,17836145.875791382
5302,88003654.09832498
5303,8859808.475655483
5304,32521573.780619852
5305,11468604.001253437
5306,65508593.24117811
5307,154121142.5375
5308,2825823.8952142107
5309,2973320.15
5310,126349036.8234489
5311,14740725.591630574
5312,148202500.9
5313,460662140.2338749
5314,101096669.1849489
5315,11158943.673745908
5316,57083062.51678936
5317,21149987.529019766
5318,8921843.419579241
5319,27557100.375
5320,35515370.977900594
5321,67501758.04927832
5322,2597051.217257822
5323,142087153.5932101
5324,33806568.14226504
5325,22986176.38733428
5326,42925703.150496036
5327,122118405.52938256
5328,58506016.66041454
5329,9911610.005327998
5330,163387215.025
5331,7179354.69404321
5332,5068988.4902202645
5333,64979998.8726062
5334,48140797.971691586
5335,7340627.314520677
5336,27911948.196946274
5337,11430039.359913774
5338,60882119.44969462
5339,29550963.52863128
5340,13372670.116519766
5341,142290645.3283773
5342,141946832.0627523
5343,68195042.63333334
5344,191475525.5056459
5345,5157994.869918185
5346,103245048.61527243
5347,3954574.8269467307
5348,31364023.181649953
5349,10332038.50797911
5350,3196896.374396569
5351,77525392.73501317
5352,8293522.46219034
5353,39917966.818075
5354,123971794.7082365
5355,46409340.07855694
5356,40838062.851212345
5357,7786941.317675966
5358,76428822.65
5359,76036331.25403923
5360,75441549.57251318
5361,18241310.35758718
5362,17132459.525
5363,66328527.71671891
5364,2159464.8875
5365,133980214.2953239
5366,89402375.90244156
5367,103244950.301536
5368,24788847.443519678
5369,543534057.1711315
5370,34940224.79197158
5371,77169439.45162302
5372,558809608.3141779
5373,62334748.75444458
5374,138754846.59886175
5375,93756457.3509552
5376,158838807.35218924
5377,43226720.73658583
5378,10157680.183983438
5379,22105752.95
5380,88771797.03133936
5381,86841111.4952082
5382,91913338.24176893
5383,4439127.746875
5384,251779938.24261943
5385,100285873.76688257
5386,23528022.4875
5387,16486613.368465926
5388,233412168.5375
5389,50260696.63651066
5390,41410405.45
5391,38156750.05838869
5392,3627778.965591154
5393,22054644.01003063
5394,63396419.14082124
5395,43509401.563568376
5396,187784292.975
5397,13381350.76242922
5398,27006413.384436917
5399,4305765.803123829
5400,9521875.587240849
5401,128887870.2456706
5402,104254562.76224057
5403,29506667.975
5404,3320757.7029151428
5405,107372811.01862326
5406,9136790.988231452
5407,286378354.0
5408,537399918.546428
5409,123426516.07970789
5410,24272425.273932848
5411,32207259.385106217
5412,3629027.9545482197
5413,14273076.763981778
5414,91865976.74229431
5415,100376884.67481658
5416,45877841.51690793
5417,68536017.02251318
5418,7496881.29404321
5419,5673105.2594754165
5420,57990087.8670869
5421,72582611.263764
5422,80613644.28501317
5423,224803166.4
5424,149948524.7990023
5425,53194312.342892796
5426,26519224.76595091
5427,11714420.299486453
5428,8931500.6
5429,143299548.58282337
5430,190845015.53501317
5431,58553096.02692058
5432,154389635.5705127
5433,47066198.975
5434,93905400.37920263
5435,63495896.92795138
5436,48579555.14113646
5437,99861420.85179114
5438,15556050.4875
5439,7022294.603857008
5440,75500590.77215084
5441,9099750.9
5442,148672276.475
5443,101450664.3408773
5444,90918629.18304881
5445,96070030.72599164
5446,81673865.15136768
5447,22112086.7125
5448,22385038.457416244
5449,78267408.4425466
5450,14221593.682587182
5451,37099935.11057282
5452,5367735.400542832
5453,276942631.4
5454,128657299.2275209
5455,47413666.593075
5456,21429988.11680299
5457,56104444.95447157
5458,18449693.175655484
5459,26632271.055703085
5460,6183029.85
5461,1199324.0783423395
5462,5242828.8375
5463,740122034.3097092
5464,7047866.8625
5465,38759131.76996046
5466,52371779.343041
5467,92910771.17113182
5468,110331660.72718926
5469,2992325.00625
5470,273928186.375
5471,152657231.29719892
5472,82812038.2205762
5473,23615570.802159656
5474,60011883.434835516
5475,33561587.61664401
5476,27912944.770105027
5477,18145476.294051927
5478,81116432.49551283
5479,84741773.33501318
5480,31999867.570170403
5481,13723808.116519768
5482,46262587.8870913
5483,51137371.31595008
5484,80715803.78501317
5485,24994035.1125
5486,21147572.76356838
5487,331948933.3125
5488,101459773.51106109
5489,31262976.429471575
5490,16225194.600616742
5491,183287092.5
5492,32055815.06139983
5493,22003834.1625
5494,2120221.7723854897
5495,39254700.52169158
5496,96539964.3125
5497,50439031.14662031
5498,11858139.87353039
5499,89330924.44229431
5500,55655286.72874005
5501,13926113.291519767
5502,16726216.366519768
5503,39281939.85827593
5504,24213454.75
5505,11536895.37353039
5506,503790557.8614682
5507,86146837.97554144
5508,123563469.63501318
5509,103468062.5859489
5510,40795946.45
5511,23742120.946098782
5512,144110594.7859489
5513,4552023.3875
5514,38672323.856019676
5515,18983797.715572227
5516,5709664.73041201
5517,328225898.675
5518,29279404.943041474
5519,172506451.93481255
5521,57887018.03764646
5522,1924674.770943182
5523,383275189.93625003
5524,388842069.2193503
5525,77070050.63826808
5526,26594172.637123287
5527,17184690.97937844
5528,87230124.50919159
5529,10017776.125228882
5530,387081222.5
5531,4580940.00580907
5532,44072915.693203084
5533,106097490.2237012
5534,464821918.375
5535,13436575.014520675
5536,10166064.911274528
5537,32543530.3625
5538,15852366.8
5539,156469180.8625
5540,61635009.055916764
5541,174583115.5150209
5542,6172096.919247637
5543,52321398.31715939
5544,80086985.32372452
5545,2941798.7076109303
5546,41979443.12795139
5547,27584106.765078086
5548,14634059.674035698
5549,100911396.50584652
5550,57484294.92855694
5551,39010471.2
5552,113492213.27490258
5553,81109764.42936665
5554,16830605.404019766
5555,49013680.750289395
5556,33021422.41761299
5557,13383260.075
5558,538528896.5480824
5559,8922760.35165539
5560,17167883.252578087
5561,29898297.84543867
5562,73560269.5847548
5563,2837462.2616371806
5564,6880301.625
5565,18143101.75
5566,18949408.19693692
5567,27088437.804019768
5568,53949015.708193466
5569,98594826.95756173
5570,55277889.797901094
5571,116334362.54188259
5572,7618650.75823587
5573,159333314.9
5574,39704252.490078084
5575,166306558.78994155
5576,92038795.08990724
5577,57701759.44936474
5578,25676697.157884546
5579,22264350.084438153
5580,11189710.25
5581,64483997.43777937
5582,54292125.92716698
5583,90096734.36344461
5584,49144427.56225677
5585,27486820.293728687
5586,8033730.247875649
5587,54054405.386835515
5588,184258833.39383453
5589,83227471.23775229
5590,5004263.310876498
5591,34364581.4073077
5592,13540627.30136768
5593,32677872.665089615
5594,27398106.009832185
5595,45880340.08970146
5596,248761918.825
5597,16448151.063351486
5598,53726309.55158583
5599,20728532.9875
5600,29498246.430703085
5601,77356895.91108872
5602,77625311.17718926
5603,16143046.10438652
5604,20791122.075
5605,186142756.6627523
5606,109095042.3703239
5607,59204858.24647429
5608,121460622.12222223
5609,48757141.55416374
5610,51805964.87469462
5611,108425395.07114811
5612,674990190.1
5613,30880211.325
5614,30116957.347108312
5615,93095563.85278597
5616,29899161.71545139
5617,321136725.7125
5618,65828549.84889499
5619,84805727.73849057
5620,12972087.0
5621,78983535.98906362
5622,22780059.926068377
5623,41271059.77169158
5624,638158782.4125
5625,4728672.3622311335
5626,7452677.797732228
5627,213077680.109933
5628,54195312.46186473
5629,250332226.9
5630,39191995.0625
5631,88609047.74115723
5632,77642199.06858829
5633,36511281.99317066
5634,45472132.325
5635,118550809.8906364
5636,5390747.829046249
5637,19842972.53503063
5638,93794411.6922943
5639,8555740.641519766
5640,10686719.81415539
5641,115218149.62353492
5642,33445760.277874388
5643,16896811.000655483
5644,557897725.508928
5645,136601522.9758535
5646,26555846.955703087
5647,34668310.90210571
5648,65103205.23994156
5649,9080306.40131579
5650,201217415.4783402
5651,46531514.559191585
5652,13079915.696580714
5653,116297938.4734489
5654,81176023.8759552
5655,104170527.69146742
5656,603616793.7179098
5657,11554664.506168049
5658,33108733.454019766
5659,37306617.806752905
5660,115776468.1609489
5661,14980367.160800409
5662,282160175.3597753
5663,73122433.69783069
5664,13763080.479019767
5665,86398325.1259552
5666,27011403.99491624
5667,60988902.85
5668,18219271.78603039
5669,21969320.99412768
5670,489106750.9266779
5671,37342161.072135754
5672,10812160.731327364
5673,131064589.17754278
5674,64702405.777193464
5675,6218770.719051926
5676,8819441.572752293
5677,146003410.29632357
5678,113212798.7953239
5679,7145803.492675966
5680,42163898.803571425
5681,907252056.2158245
5682,6285389.680783477
5683,543680142.918247
5684,85802273.16762188
5685,23461003.3875
5686,6110891.4740475565
5687,95311989.26490724
5688,42172573.51444948
5689,50852595.053922
5690,16563787.810992718
5691,87080901.99993299
5692,603395967.4391779
5693,38032607.26703496
5694,87825977.02656981
5695,12825304.88207924
5696,68165975.3978276
5697,4283404.197496938
5698,28965959.4810763
5699,4907320.2125
5700,103662726.61490723
5701,36361703.64045139
5702,56926000.08707334
5703,102437590.3923378
5704,56565983.25
5705,32755791.891115833
5706,4800936.0224097995
5707,37840486.55414401
5708,53519319.8125
5709,35710947.02185106
5710,16867432.1375
5711,14949431.45
5712,123521888.4301436
5713,34940287.94083647
5714,31170081.365078084
5715,20752987.1410763
5716,5113301.820094785
5717,42395776.284351066
5718,21904672.845467657
5719,85977777.94449025
5720,40392866.47450114
5721,108754479.8109489
5722,15748318.338981777
5723,34074720.12947158
5724,5619565.448300411
5725,5032790.344739614
5726,70630325.58465084
5727,227413478.675
5728,7739431.429019766
5729,217721646.17375
5730,26521174.931292616
5731,3717365.2868971834
5732,18975757.815078087
5733,14025217.02180422
5734,42160736.69482449
5735,23129136.48503063
5736,82723272.8724489
5737,63725018.01605694
5738,186471714.26830807
5739,34046079.490078084
5740,68310620.64582495
5741,180815883.9875
5742,103207509.1315739
5743,57191847.34003
5744,1517244.8741371806
5745,12835543.524697961
5746,71106390.91515726
5747,6265449.045833332
5748,100047253.7375
5749,65053715.97942366
5750,83867566.3759552
5751,69613901.6226062
5752,14108214.242886221
5753,370221639.65
5754,36992457.13063651
5755,79754013.32718927
5756,55233878.476927616
5757,25118614.73144853
5758,6423856.135252294
5759,36779650.34045139
5760,8109623.137240848
5761,9130090.001832327
5762,137740827.8252523
5763,124476162.8109489
5764,6696708.275655483
5765,59677368.50294757
5766,87949439.7600753
5767,64570934.36920539
5768,34311201.0113399
5769,457100553.171426
5770,28793933.29760622
5771,52007727.38346827
5772,39313227.60935106
5773,432821511.9766779
5774,70631486.11790732
5775,67876817.62135479
5776,29110906.975
5777,143489145.79002088
5778,195990507.27282196
5779,318810443.1375
5780,7269801.167675966
5781,100857200.13731658
5782,50235234.75
5783,103360389.41244848
5784,7066729.133392902
5785,113262475.98731658
5786,24956513.72193692
5787,191127103.5328239
5788,18265124.836030386
5789,58112464.73662631
5790,80699177.18501318
5791,87975853.21490724
5792,39057603.12377238
5793,23104437.70707924
5794,116094786.67347379
5795,63420769.10449268
5796,55667616.84045138
5797,69457020.3738837
5798,2308632.83529625
5799,222605779.9114099
5800,4961936.415224027
5801,25364713.076521292
5802,8865217.474864338
5803,11433649.806046154
5804,459377099.175
5805,22178402.657307692
5806,32918116.97901977
5807,64769219.261964284
5808,100158139.25605413
5809,67472223.49113128
5810,4796783.037303241
5811,18216399.636030387
5812,100620357.29903473
5813,138120086.1203239
5814,9404454.62665539
5815,31469597.42275229
5816,21282844.743203085
5817,6914647.498300411
5818,12775330.441519765
5819,67429687.0690061
5820,12923397.957307693
5821,3114430.6320547243
5822,1732570.1263657406
5823,98108669.94343875
5824,77439455.9005048
5825,11606233.266519766
5826,12835144.648899827
5827,18893231.24108117
5828,448791639.275
5829,90474732.60919158
5830,41009866.65
5831,127648971.33507991
5832,38648581.894183934
5833,54153658.99034001
5834,35163978.75730769
5835,1810143.2138657407
5836,77581951.14262187
5837,66938095.93028815
5838,2887271.8460795353
5839,175803060.31845495
5840,6391412.53325423
5841,93451190.58501318
5842,103238240.81490724
5843,21107653.22253063
5844,13567399.988155484
5846,7634532.826655391
5847,101605855.0828239
5848,68468704.3847548
5850,56113109.755559966
5851,30999445.13681374
5852,15547421.929933155
5853,73716752.635295
5854,32444267.671566505
5855,160458113.24314588
5856,37008816.250518
5857,511801473.4891779
5858,7865502.424946075
5859,77471611.72653599
5860,189162881.0897538
5861,7949772.5565432105
5862,35906734.75351182
5863,89169131.31699267
5864,440536168.7114099
5865,28119573.37389983
5866,19399144.71369811
5867,9678734.707307693
5868,49926059.134585544
5869,13470259.45
5870,9013467.0125
5871,140629938.78962892
5872,218146152.6453239
5873,24746425.219807692
5874,8470099.201655392
5875,69423211.5972548
5876,94051650.8707128
5877,19049467.07631579
5878,102401879.8734489
5879,22563719.175
5880,82760478.18545833
5881,117979096.8078239
5882,305219500.9375
5883,14584022.448530387
5884,63142016.41511667
5885,29689776.37713567
5886,29539687.07478652
5887,25066740.226481777
5888,36777295.50977297
5889,6193885.751599848
5890,70424252.55
5891,39943588.64197157
5892,24787750.21931317
5893,10523476.607307691
5894,122853177.13968925
5895,34770541.868447244
5896,129290088.8338768
5897,6365835.234375
5898,91443428.916356
5899,7790594.6375
5900,19649396.640078086
5901,1799140.2641672466
5902,25043929.22008718
5903,90573441.28338102
5904,71899295.08605328
5905,61805884.62744156
5906,87336566.093041
5907,6448416.675655482
5908,79279857.9849489
5909,31897167.543989636
5910,78625243.4198077
5911,8273278.861786825
5912,293202602.05
5913,66150050.88612248
5914,26821808.002578087
5915,23070247.4625
5916,98162414.32920264
5917,248248808.73625
5918,118110023.37044159
5919,89525546.46072654
5920,5256905.805809069
5921,52803030.608808056
5922,43920642.497125946
5923,37867079.721160516
5924,23280895.48443692
5925,467643886.9891779
5926,9384628.16398178
5927,10360680.170408543
5928,39774556.57855694
5929,3476816.853762771
5930,68328080.23457429
5931,101682901.65513518
5932,4748980.060867563
5933,24702883.975807916
5934,128619466.8375
5935,177114406.925
5936,155199315.40073124
5937,6300212.78603039
5938,21137893.51003063
5939,52908829.49985716
5940,101623434.44751318
5941,19866023.59400161
5942,87084965.0509552
5943,11343858.804019766
5944,63751232.519922815
5945,23933871.554019768
5946,7461694.463155483
5947,6089188.143429926
5948,168705025.05811933
5949,9689003.121452922
5950,181214211.6377523
5951,84341720.5573661
5952,9004941.0375
5953,210119361.8777936
5954,24132083.41817066
5955,42932605.78133328
5956,96527670.29290731
5957,86597088.69562295
5958,100827271.69751318
5959,27965784.24491624
5960,19423111.272013575
5961,20614078.687240846
5962,27752813.41227297
5963,74211435.69753744
5964,101262060.4953239
5965,70129721.58510621
5966,54922692.00697508
5967,475357596.20749533
5968,92370812.20244156
5969,77247191.5675022
5970,51343789.09496846
5971,16411415.9
5972,48774580.34908583
5973,221543964.42868072
5974,6907502.37997202
5975,30732432.003186267
5976,7410611.4125
5977,3946591.2432834767
5978,833297937.76875
5979,10972341.944706028
5980,300673495.675
5981,29013846.727567874
5982,169216453.3578239
5983,10055525.072981955
5984,56100703.00660334
5985,84100192.13501318
5986,2342328.099704384
5987,22577735.652282316
5988,114245163.06269129
5989,7072519.866820728
5990,164673022.91721016
5991,10464533.232079241
5992,53477470.16752491
5993,68769367.81632677
5994,4308117.1
5995,68296688.18236239
5996,66679702.14227531
5997,37715166.46611583
5998,405977351.56085646
5999,2275914.95
6000,36471528.166666664
6001,34581976.575
6002,4212367.283333333
6003,500623892.7114099
6004,51092641.175
6005,10365459.203071034
6006,25072768.587870415
6007,21577574.38724085
6008,9606730.0
6009,84660846.28004661
6010,78223126.53605327
6011,65373818.79644163
6012,34450990.416563615
6013,304974114.725
6014,17127457.47008718
6015,29506551.1625
6016,43006929.55474908
6017,5576365.162446076
6018,65337622.67398505
6019,7245587.061277518
6020,10262000.769579241
6021,31569823.21180556
6022,19469699.561521295
6023,27403329.275
6024,9766341.152201694
6025,19893636.13230769
6026,122188881.225
6027,45052559.84554626
6028,166403567.4875
6029,15466455.806478616
6030,359047797.275
6031,86126644.9571104
6032,5857017.293038884
6033,85743928.06634615
6034,9051264.213351484
6035,396705686.7375
6036,7239637.6304201055
6037,5130637.37330041
6038,1488348.4263657408
6039,5740107.835800411
6040,113468635.95497768
6041,433310778.17806685
6042,1543707.3513657409
6043,146653860.62251318
6044,8585887.08154321
6045,61923743.19457662
6046,7537548.965808824
6047,18572659.38856838
6048,31497598.15
6049,18344612.500861473
6050,4495243.606042111
6051,6792515.8
6052,57757338.64105694
6053,2771851.7249542894
6054,8099176.6125
6055,14262883.919579241
6056,59620908.88453736
6057,7597713.838252209
6058,46815458.23430957
6059,123531841.0377523
6060,79235203.83039609
6061,86107966.58168566
6062,24477634.1375
6063,97176626.77718927
6064,8022292.561030391
6065,99141850.05
6066,82289429.0315739
6067,79167717.4625
6068,5024411.172752294
6069,154756136.975
6070,187228740.41929924
6071,17084301.49457924
6072,22896951.7875
6073,25711634.0375
6074,10220240.702656444
6075,13436661.254019763
6076,100946343.93637837
6077,11978028.34830041
6078,118131514.6851062
6079,472861981.15340614
6080,5672595.584475417
6081,6896857.9938273635
6082,15511582.99010427
6083,131060037.75848214
6084,29032641.94354842
6085,46306035.66717497
6086,20483849.779371127
6087,75518376.59279138
6088,18728455.841519766
6089,10763641.725
6090,442344812.3875
6091,6383278.624946077
6092,19687663.35437844
6093,35447175.3171627
6094,128193273.07251318
6095,166655661.41424638
6096,63816688.39044933
6097,67559527.44802473
6098,21650037.39180299
6099,59048141.20139432
6100,88348764.3864856
6101,180690731.4
6102,70454639.47218561
6103,152647047.79155606
6104,3278037.368273794
6105,8936619.550715962
6106,10691804.756747637
6107,2520299.1223854898
6108,71943843.21158583
6109,27079082.85730769
6110,89850083.93148954
6111,8510956.620833334
6112,1574354.952041815
6113,24500340.99483039
6114,71872303.4634552
6115,140161910.0125
6116,2791167.409019642
6117,23409527.004019767
6118,113082547.25517678
6119,94941055.75218926
6120,88859096.686443
6121,8136511.525252295
6122,144122810.5627523
6123,16079449.219304223
6124,12166670.812937941
6125,12597423.352128
6126,24629122.285188287
6127,19851061.907307692
6128,300409120.925
6129,5433174.148300411
6130,4090198.590039817
6131,17492650.775
6132,1004259.4832725854
6133,27295795.22025169
6134,88574701.17007765
6135,79610517.78035243
6136,505298461.4582392
6137,131705151.4656364
6138,8766039.207079241
6139,949945319.0429099
6140,13957128.516519766
6141,56885995.780318834
6142,6166417.507079241
6143,17751558.72901977
6144,35047977.56545139
6145,23888197.4375
6146,59070688.00969114
6147,67791391.4634552
6148,26793541.364782315
6149,82542999.06001318
6150,470961973.35
6151,38940758.30873481
6152,1014093493.8820565
6153,9092385.440836465
6154,4781795.359893764
6155,92377405.3328239
6156,7408507.916357008
6157,56577827.7125
6158,76649662.33886768
6159,31151182.28680556
6160,27801746.3
6161,47132053.09313651
6162,59659430.1375
6163,21470321.752578087
6164,8253225.741519766
6165,64244953.30394433
6166,82967179.2209807
6167,20777644.575
6168,41743640.5367058
6169,114398253.13247332
6170,12297598.607193727
6171,38105748.53634484
6172,4300174.850655483
6173,42332628.9125
6174,91319645.99892381
6175,28801224.986946274
6176,43199380.375
6177,88314150.19563036
6178,5158458.886425966
6179,232224867.0161249
6180,67968903.18066244
6181,39530083.48541437
6182,446076251.0250515
6183,26503261.758300435
6184,692521966.1980823
6185,56680172.28773377
6186,19259370.851068377
6187,10745632.6625
6188,48106246.25176858
6189,20901660.141519766
6190,130523860.61674042
6191,13715328.666519767
6192,130104824.66671884
6193,30551337.910730414
6194,6714817.347623354
6195,4421562.716182282
6196,90995038.33913986
6197,5942241.393827363
6198,81131021.31468926
6199,657156116.9076977
6200,3427813.0155911543
6201,27234860.607485734
6202,115522445.78968926
6203,483136678.84637487
6204,20863419.94753063
6205,5512761.4125
6206,72578143.92446792
6207,105822709.16522774
6208,51462900.16139983
6209,1888952.77801042
6211,109209202.30838284
6212,31972599.852578085
6213,56877433.30827592
6214,23814203.20106838
6215,25562279.465575926
6216,39569951.994824484
6217,7319231.176946731
6218,10906401.9
6219,54426407.33881487
6220,4641664.895833333
6221,26243971.488712344
6222,3821579.3881554827
6223,87395016.6007103
6224,89202563.23622452
6225,113715171.89384742
6226,21064757.87330041
6227,18260958.24753063
6228,9766457.500610057
6229,5806600.373501625
6230,8837577.815686291
6231,58150532.99105694
6232,15926681.59701841
6233,165444187.925
6234,70640339.82954647
6235,87083785.06839591
6236,38672498.373985045
6237,9602520.075
6238,26143774.570087183
6239,135882047.63532197
6240,333171805.6236627
6241,6672404.728682282
6242,15291738.75438652
6243,19227996.93870229
6244,59483259.74105694
6245,16269057.416983401
6246,8425300.1625
6247,696806401.25
6248,11090395.532307692
6249,14821107.179019768
6250,47392599.93510622
6251,88374823.71381752
6252,29831834.327282317
6253,34811972.61557223
6254,162316872.975
6255,13062194.082779605
6256,48423608.71056442
6257,61707773.041056946
6258,4230701.18529625
6259,5001738.964122406
6260,23677921.971452925
6261,118787664.76494154
6262,57744665.644195415
6263,53105803.8875
6264,23265648.352020673
6265,13713974.440078085
6266,15093320.476481777
6267,142142620.8830762
6268,2562139.9981685756
6269,154020847.7213768
6270,83576294.13968927
6271,389795208.63150823
6272,19012837.074085012
6273,134447375.6625
6274,278036496.35
6275,67685419.50076808
6276,24949679.322002105
6277,51986361.7558393
6278,14705130.687752295
6279,51209487.10945245
6280,22849996.52795139
6281,12351202.1
6282,371257475.7104224
6283,76206754.67882243
6284,108560614.87837729
6285,80774735.42156228
6286,8082140.13154321
6287,28266468.791487195
6288,160209164.1002523
6289,175153263.08594888
6290,2908429.7938369545
6291,88888558.32653598
6292,151341619.08775228
6293,491928355.0018408
6294,11660888.0375
6295,355917171.6375
6296,11288928.85131579
6297,46657641.496691585
6298,8730644.412884232
6299,2853730.2866371805
6300,88035226.56395927
6301,53124501.29089607
6302,16595473.85194673
6303,13191334.075
6304,45888906.463741876
6305,137520230.2875
6306,70516673.35106906
6307,9091665.940836465
6308,7428282.280783477
6309,3895853.499740849
6310,92566013.09150298
6311,4715983.085821113
6312,6432174.395111659
6313,63923017.79669158
6314,85995720.49801004
6315,16104759.104019767
6316,62570980.56466689
6317,141522809.0203239
6318,97920423.3961481
6319,94316466.90884708
6320,9657614.89853039
6321,261585250.4752523
6322,40526934.47883217
6323,49271821.80906763
6324,3938360.6852962496
6325,95106096.86158583
6326,13390056.975
6327,41530213.7936512
6328,50242113.00228231
6329,25599112.672245417
6330,10052760.4
6331,69149082.27251318
6332,9701895.325
6333,24657800.53821014
6334,4953339.439371275
6335,90715621.99974057
6336,38104028.56634615
6337,106141037.97740725
6338,5702350.936875
6339,41260147.8375
6340,7508404.017172952
6341,13056123.3
6342,17164099.266519766
6343,71920428.32134308
6344,73966206.18659979
6345,10401232.60654321
6346,149229228.14751318
6347,105974193.24715087
6348,16088507.40295139
6349,72790217.0578239
6350,7164551.65654321
6351,146754732.1923913
6352,161579467.94532388
6353,14266764.599740848
6354,4998115.193002385
6355,317011.65136574075
6356,51899405.45295139
6357,20825856.899929218
6358,12865596.775
6359,13490123.401655387
6360,8364367.623300411
6361,205792284.63647532
6362,11253513.43580041
6363,17465127.247385778
6364,8062813.5073076915
6365,171488704.2375
6366,34033614.715078086
6367,15121860.5375
6368,50504347.02402108
6369,14811846.076068377
6370,129098229.7
6371,22356559.241076298
6372,79097203.21122067
6373,12999483.588339854
6374,39120063.863075
6375,170514737.2502523
6376,40216909.63366052
6377,12351355.6375
6378,20007629.51834903
6379,420201637.9993113
6380,49414774.04991868
6381,532427763.8541667
6382,66478695.534191586
6383,76707375.77954647
6384,84247271.38012187
6385,28103190.98230769
6386,425464259.8
6387,26928488.68081929
6388,11002251.127393719
6389,6493794.164439944
6390,45232011.968798056
6391,20080832.81003063
6392,30757449.95228231
6393,189720726.5534671
6394,470014709.87431127
6395,5306910.145657545
6396,16038759.4125
6397,13043098.669579241
6398,16886074.71356838
6399,17619174.373530388
6400,25232582.6
6401,4915708.605831964
6402,15767187.116519768
6403,5776767.25488991
6404,59904209.30806954
6405,9281946.748530392
6406,27817658.8625
6407,25640281.748684034
6408,41248987.36247039
6409,95426951.4096856
6410,25982882.45827483
6411,10682902.080953192
6412,7664520.4375
6413,46566696.08241624
6414,497716826.5223749
6415,4488949.157594784
6416,7995340.1375
6417,142666852.8734489
6418,68643994.12169158
6419,51856302.40760975
6420,47751450.62375386
6421,65763212.80477711
6422,3785421.7538275286
6423,14436624.054019768
6424,60063209.81412786
6425,49546430.37346466
6426,14883463.400387922
6427,5068422.849092983
6428,8971657.772752294
6429,39950937.44669159
6430,96010897.25578225
6431,141281774.0377523
6432,142770048.5735666
6433,71929292.04871745
6434,26433762.24789466
6435,134000099.78848128
6436,94689018.12740724
6437,10536525.369807692
6438,46552705.66130199
6439,24587894.288928777
6440,142540197.3092075
6441,24072294.486805554
6442,13947454.373574864
6443,68768781.9875
6444,5528623.211101634
6445,443093290.3125
6446,437271366.10196275
6447,25421529.82795139
6448,18219271.78603039
6449,33690440.570419386
6450,35415309.32727297
6451,27506613.0125
6452,48586958.36664401
6453,89186189.6884552
6454,59010876.194672085
6455,31497021.584436916
6456,23765068.344579242
6457,164342406.55564588
6458,14120381.997732228
6459,18520919.31980769
6460,90497802.28968927
6461,99470624.6259552
6462,191640212.14717543
6463,2724845.867213991
6464,32952027.415078085
6465,24694075.26356838
6466,41519398.68356646
6467,11939292.775
6468,7507002.061030391
6469,30123036.746464413
6470,11314436.075
6471,8312697.325
6472,28405660.436805557
6473,23110892.044207197
6474,14116727.078581173
6475,11110827.197732229
6476,400403902.925
6477,79526819.4976062
6478,56487955.66023346
6479,301384264.3714279
6480,73900526.78257766
6481,46471101.32304124
6482,13041711.378214223
6483,12419386.63603039
6484,167497636.21275228
6485,79154111.34366198
6486,3057118.7664128607
6487,76924131.58501318
6488,88401559.77333641
6489,2808418.6992816324
6490,9373877.35210326
6491,48615025.00345008
6492,17334509.386399828
6493,15569079.9
6494,157637179.21275228
6495,15743943.4375
6496,394023466.5625
6497,306248836.0190083
6498,47474097.154471576
6499,22897014.4
6500,8503500.856622405
6501,20355722.62648178
6502,104142142.14751318
6503,44538271.25420612
6504,15832960.065836465
6505,56562662.87786069
6506,24858322.365625
6507,13692447.61980769
6508,108364207.10479431
6509,6477044.6735303905
6510,8362381.964701694
6511,20599006.425
6512,16186140.85895292
6513,47826975.161805555
6514,9985886.644579241
6515,363920273.3858565
6516,58103640.46423545
6517,19800166.99753063
6518,25982981.245384548
6519,109347102.48271565
6520,5888962.859876786
6521,426020576.35
6522,75445310.34217499
6523,42474978.26617298
6524,52156691.9634317
6525,104767651.11007206
6526,370872001.1464279
6527,8910318.915224027
6528,10598213.88430422
6529,20610717.91651977
6530,65017760.18994156
6531,8633864.898300411
6532,39946491.86545139
6533,11648263.536030391
6534,673261075.75
6535,20452109.445667613
6536,43212221.08701406
6537,76072282.6929073
6538,91496821.05423005
6539,171464706.44471884
6540,131217015.27481659
6541,151105606.0484489
6542,79686249.20384616
6543,6803520.609375
6544,33724427.15965956
6545,40083746.07260622
6546,308178396.1685433
6547,9583090.489520676
6548,61296854.264475085
6549,76716394.8759552
6550,30786183.568358265
6551,64879193.50599362
6552,18387713.052282315
6553,3151916.6125
6554,49335066.34482448
6555,14231630.25730769
6556,91082622.18304881
6557,14057770.00730769
6558,260448818.6269099
6559,142157270.93606293
6560,328774574.4862495
6561,9538101.509817416
6562,97041955.69312252
6563,24387009.077020675
6564,30576656.98671217
6565,39444879.76042752
6566,72082766.94004878
6567,21376400.77795139
6568,27023971.94676105
6569,6368240.25
6570,128521637.41884741
6571,30371302.36792665
6572,1523865.2513657408
6573,13414704.8125
6574,54358865.8421855
6575,11775624.313372333
6576,43487058.782498255
6577,10595245.0125
6578,35289009.61605694
6579,23918023.71743316
6580,10096906.495357143
6581,81421166.28028145
6582,5332083.55
6583,5934923.790219362
6584,8394023.132979112
6585,62344631.135106206
6586,44361543.41752492
6587,39150379.313568376
6588,11626104.802578084
6589,80421703.15736611
6590,132043083.0
6591,55137442.72158724
6592,139459546.5578239
6593,84252040.46676894
6594,63542141.189785816
6595,3685024.686938353
6596,138186032.8127523
6597,5504695.0500951
6598,23752806.35460435
6599,29590260.808349025
6600,20226478.275
6601,41411115.16980769
6602,475359211.60870916
6603,62235121.23510621
6604,24167165.864377547
6605,104185772.33968927
6606,8648938.68547911
6607,51914947.90355694
6608,1813130.7511691446
6609,5852333.575
6610,21684363.47359901
6611,15094214.428336466
6612,586223942.5626599
6613,93926897.21702209
6614,292818905.4875
6615,5120614.225415352
6616,112519957.73968926
6617,100001930.94334652
6618,94257602.52900298
6619,14515607.575836468
6620,25559389.625
6621,62946308.40207152
6622,105434244.86502087
6623,349444606.4392877
6624,151557951.9
6625,90923171.23731884
6626,45748329.751068376
6627,125944601.87885723
6628,2943118.4400398177
6629,36526974.97414487
6630,12985593.75707924
6631,12065764.43503063
6632,23001626.79997898
6633,35415490.693332
6634,34871886.32180957
6635,4362922.435800411
6636,123267934.39221016
6637,75191920.1259552
6638,8727150.809517518
6639,20336275.431228686
6640,46668539.776068375
6641,161819991.4502523
6642,162297299.05471015
6643,4491191.790591154
6644,4695586.222796249
6645,78634934.01788214
6646,40942006.22093897
6647,7588015.373254108
6648,72766676.67550479
6649,19931122.449748993
6650,7211891.304019766
6651,49706639.44669159
6652,4899551.900610057
6653,65562461.18799541
6654,135332629.9125
6655,53703241.51681153
6656,38631511.605703086
6657,131896446.2578239
6658,12887995.0875
6659,15832965.0
6660,5648995.224946076
6661,6002095.349995309
6662,20292178.766131286
6663,416771673.25
6664,8834254.2
6665,3597307.9445547247
6666,33110431.50962595
6667,119505631.80121514
6668,44356303.11167056
6669,57490503.86545138
6670,9003770.50707924
6671,44960392.4725547
6672,17627369.979952622
6673,119300023.7078239
6674,414951001.84171826
6675,199580197.72244892
6676,24037308.998530388
6677,10483069.870852767
6678,11611928.904742716
6679,424722839.575
6680,53941044.442234494
6681,835770545.265178
6682,64291978.29930556
6683,30072167.4875
6684,6576681.8690432105
6685,18149530.26980769
6686,10377200.154019766
6687,163396824.44532388
6688,44372106.94760622
6689,71817957.15801284
6690,298767609.71067494
6691,9700733.012700073
6692,563906058.475
6693,75187156.55142146
6694,72150192.5134552
6695,61026914.64227635
6696,79162975.68768115
6697,12970026.42631579
6698,16751542.969916245
6699,296324179.7375
6700,177029400.6625
6701,82413219.57256623
6702,61361941.2681458
6703,30496140.003328543
6704,7988894.768283477
6705,61392473.448117755
6706,62274991.85740332
6707,44331546.819186285
6708,12891731.7125
6709,6813788.905175966
6710,88107248.55815217
6711,41356868.66785715
6712,73902483.52949268
6713,12332312.907884546
6714,2925131.274952775
6715,22158910.451870907
6716,28526724.09164401
6717,410326371.4875
6718,19472911.1375
6719,38147436.65373749
6720,6394922.1375
6721,91013169.56468926
6722,26645334.864218943
6723,93896180.76468927
6724,26975631.8625
6725,5651276.169369978
6726,127101335.9828239
6727,16860682.929019768
6728,20983190.157079242
6729,26559943.73738797
6730,67568933.13795875
6731,5815690.30043625
6732,17953116.946173433
6733,63854735.9875
6734,21851177.962608404
6735,175976945.5431459
6736,6453348.225655483
6737,15640620.775594557
6738,38554950.42301136
6739,19506968.054019768
6740,2371728.351585811
6741,9401767.548665967
6742,28815008.641971577
6743,114490026.60240725
6744,16214162.24480769
6745,17837189.090078086
6746,108367816.95657392
6747,78218467.5361458
6748,9345789.08180422
6749,12050557.491067415
6750,5267743.96797561
6751,22508712.00228231
6752,167817218.7737012
6753,38946694.85260228
6754,65654791.73798418
6755,20093983.352578085
6756,130600971.0
6757,108083228.72884616
6758,22955869.154394273
6759,59455814.96386768
6760,52532601.106854625
6761,49647156.76674356
6762,3875917.780679322
6763,55422727.458333336
6764,18069118.15
6765,240119505.325
6766,2479932.9013965977
6767,59597726.60095241
6768,166714447.7056459
6769,44437028.25
6770,43511932.66841023
6771,18248450.565078087
6772,8123877.541519766
6773,40460055.73288454
6774,272788041.3395349
6775,440603856.6464279
6776,5509432.638815789
6777,64914914.924679495
6778,74655276.8433465
6779,31783535.6125
6780,100387618.38462397
6781,20864320.97901977
6782,98938027.83501318
6783,49321913.56722103
6784,9960183.721909873
6785,102433351.68990724
6786,7404196.192172952
6787,38665011.64045139
6788,3383105.3446640535
6789,17211387.15808233
6790,19638301.175
6791,74285247.93843895
6792,405052340.0875
6793,87236410.52169159
6794,26256418.05730769
6795,10988388.830748701
6796,689391888.28025
6797,22793378.01980769
6798,84000411.12156259
6799,10251310.419579241
6800,150946590.35
6801,261255808.05
6802,25481137.1375
6803,276698683.15
6805,68136267.1742255
6806,19543322.47849608
6807,99130472.18507531
6808,6627706.638724817
6809,106058800.77664804
6810,13290277.441519765
6811,85458082.25339504
6812,24767187.804019768
6813,107839493.11094889
6814,18870255.61003063
6815,17712530.70106838
6816,17117708.68395292
6817,1753612.6642905674
6819,91314430.74413124
6820,74704873.62028135
6821,33931081.13680556
6822,52270324.840360686
6823,29953818.575
6824,197105597.2875
6825,49253957.68260502
6826,28059052.344916243
6827,25234088.437240846
6828,1851729.5013657406
6829,9477632.483287552
6830,7734706.079019765
6831,78380360.9704628
6832,49282510.86828525
6833,33438603.186540492
6834,13476892.294579241
6835,141786367.6109489
6836,18904563.32253063
6837,119020516.56468925
6838,17709346.401481777
6839,15714862.910992717
6840,39050483.45526332
6841,25861169.433054987
6842,34857761.099305555
6843,6155884.7625
6844,184617925.6375
6845,25611316.7375
6846,77729095.97990687
6847,17837962.911521293
6848,35418640.66259622
6849,45180414.239432916
6850,117514153.21918567
6851,160746262.640711
6852,23622560.077578086
6853,27753442.57795139
6854,44949896.81628946
6855,60617938.60557177
6856,7545373.901779339
6857,33210977.128336467
6858,13750338.808206152
6859,98484469.04835525
6860,41148145.86162639
6861,30535256.81478231
6862,60302413.51496933
6863,284761957.19275
6864,14840760.741708178
6865,20200859.64038622
6866,98360596.4721856
6867,53574736.90237865
6868,980043666.0679098
6869,54981169.39688492
6870,3730994.839968388
6871,61811844.123496965
6872,2878074.108184979
6873,29254969.47663766
6874,81333498.51721284
6875,25328050.817433156
6876,37132373.02169158
6877,41798211.92408583
6878,4411666.101261354
6879,16873857.83856838
6880,12798408.400252294
6881,13047104.982908543
6882,78389770.7877523
6883,70943576.89473319
6884,32117443.45106838
6885,30312252.114605714
6886,10202829.2875
6887,66201233.40315171
6888,74971249.2536407
6889,9087189.275252294
6890,28129278.929019768
6891,85347153.53382765
6892,245684205.68962726
6893,135331518.2
6894,64645973.47839309
6895,12209575.537119655
6896,7868705.762446078
6897,5419223.974712956
6898,40276095.47793732
6899,22744882.093470667
6900,94643000.97355327
6901,76773371.95534542
6902,11999008.85
6903,34613762.02728231
6904,124325327.68804626
6905,63418936.65700786
6906,173913003.75
6907,55063044.09148975
6908,14401064.45
6909,12067365.415078085
6910,38151851.76663403
6911,15018532.35
6912,30281938.400288213
6913,486296554.7125
6914,203466318.94955355
6915,15696003.262870412
6916,42262989.36440469
6917,824311922.0054098
6918,113918779.35578224
6919,6834508.860476235
6920,126516477.51814589
6921,259965271.5125
6922,20870753.9625
6923,7331921.672529551
6924,19561448.784427695
6925,25228097.801771805
6926,16840904.875
6927,5264154.56904321
6928,76217827.23917376
6929,135468674.82247978
6930,231369760.1625
6931,39202710.35134905
6932,25318813.29125632
6933,10246206.350655483
6934,82968973.03968927
6935,4266300.186408168
6936,40461046.8527012
6937,223604082.25
6938,9006488.26381579
6939,14590877.163568377
6940,174294725.62049636
6941,101762478.29990259
6942,35337796.65295139
6943,13998483.55707924
6944,138373213.0377523
6945,31720034.022149943
6946,148272051.0235349
6947,9054662.6625
6948,18168470.325370412
6949,103520787.37531361
6950,440861653.8875
6951,9576368.52477297
6952,48390132.5951572
6953,57275958.025
6954,28032698.734313108
6955,64102901.3688426
6956,15462737.279933155
6957,8867869.623300409
6958,9423217.45131579
6959,5158474.837519584
6960,58556392.698895
6961,62850214.0145458
6962,134593130.1775209
6963,35458312.724904135
6964,37629541.125
6965,18846929.307587184
6966,105151948.01377904
6967,130946993.275
6968,14991557.772530884
6969,8805787.425
6970,47576112.63397737
6971,133896175.51106659
6972,6505035.769250699
6973,42820942.616334446
6974,94295941.41691488
6975,48785799.06545139
6976,33531383.866743565
6977,7382328.156345101
6978,18622097.623599008
6979,110395558.61838873
6980,29635132.520540357
6981,7629878.823530391
6982,67033369.85540731
6983,5145554.720154604
6984,81465550.55
6985,370177697.775
6986,55275562.210069105
6987,7031997.202047242
6988,35197519.83151881
6989,25809987.63960571
6990,289877807.9125
6991,9813616.19770424
6992,8819668.46283703
6993,8825703.710240196
6994,2556033.85375317
6995,49135463.23978231
6996,101792485.14715084
6997,2691438.9177698367
6998,32685446.177578084
6999,126018500.9359489
7000,11266013.850967925
7001,17342187.34853039
7002,14751633.70239372
7003,24008575.41980769
7004,136474473.4625
7005,6580006.155783476
7006,4866751.097273949
7007,12940860.832307693
7008,80591518.09751317
7009,8196435.172732228
7010,47899304.32786068
7011,6414819.331543211
7012,22047546.163981777
7013,13447220.4125
7014,3429743.7625
7015,167240616.4502523
7016,275047994.675
7017,31237360.452105712
7018,33702850.15707924
7019,102483416.50355694
7020,49536250.294861294
7021,29975251.61980769
7022,39760104.469657056
7023,85436125.91196835
7024,12087418.625
7025,12622601.5125
7026,241080587.07435346
7027,89797395.51587729
7028,11231607.144579241
7029,62838180.91097629
7030,88283713.45363732
7031,149476558.52677947
7032,41046446.40413403
7033,15808996.17631579
7034,37693429.29180299
7035,21297219.150486346
7036,16073854.450992715
7037,26895797.267433155
7038,19008982.2925929
7039,62800034.90355694
7040,38692128.19870166
7041,64396149.24250221
7042,90065950.10218927
7043,15836903.588981777
7044,58600053.406406686
7045,51014715.63924099
7046,98856942.13185863
7047,293010734.4052062
7048,25734423.59045139
7049,96911414.36161178
7050,1996949.6441059187
7051,22731887.67253063
7052,96874144.1328239
7053,40742602.207472324
7054,72513137.0361738
7055,153065104.8511173
7056,318571786.89274997
7057,20341582.925
7058,7738937.868283478
7059,63933392.63118087
7060,27154091.98680556
7061,31900645.1421627
7062,91740069.7946035
7063,8532356.33603039
7064,239659124.8253642
7065,53372507.19833945
7066,8375585.5485303905
7067,4473714.642990382
7068,87271219.11003369
7069,7725225.081314348
7070,89200669.6002523
7071,170088755.1625
7072,3740036.828977479
7073,32117934.809436917
7074,18674429.5724822
7075,56139598.21478231
7076,68527197.48994157
7077,23334667.625
7078,94390144.95439707
7079,8570818.223530391
7080,30589545.91092924
7081,57724754.40084001
7082,12926964.251825538
7083,4688739.860678349
7084,41929137.206678644
7085,26800191.315707013
7086,19738700.253142025
7087,180790329.375
7088,73078089.28501317
7089,13306167.914414
7090,14602312.05623806
7091,19159532.465078086
7092,397058695.8608565
7093,61590146.88135622
7094,87723441.74796009
7095,9594574.216519766
7096,67103516.3375
7097,106753385.1047943
7098,76321818.76892158
7099,127524968.89569688
7100,24460441.08683305
7101,24787350.9375
7102,8982403.683035225
7103,8813284.8875
7104,24171427.14180299
7105,81870037.16463551
7106,28167151.283219386
7107,85636308.19567057
7108,16268456.096452922
7109,57134821.45711424
7110,8976636.613155482
7111,31026493.71058798
7112,139941885.876544
7113,85483982.1359489
7114,30624457.287813514
7115,18731973.870384544
7116,14423006.304019768
7117,2943375.6689768108
7118,71476998.87175247
7119,15364069.7625
7120,4329525.825
7121,24317457.669916246
7122,4978970.207714211
7123,9291120.019579241
7124,527917500.09274995
7125,135876617.6375
7126,265811583.36565018
7127,67713688.40540731
7128,37906391.1375
7129,12542753.027831689
7130,16092602.425
7131,19584756.29480769
7132,31667265.25
7133,117509530.425
7134,103984268.0930182
7135,121844991.73064587
7136,57629523.37170558
7137,37843333.367605045
7138,30239633.235670745
7139,9528628.655482456
7140,170581420.8502523
7141,6718254.443283478
7142,33091483.75474908
7143,82287047.3863289
7144,6783856.109030001
7145,94956044.30370547
7146,7936805.261547556
7147,79448214.13734956
7148,26801559.125
7149,9634195.133952921
7150,24588079.1375
7151,29678366.731562387
7152,82500678.7897858
7153,15163376.729019767
7154,91431778.87576808
7155,311544663.85
7156,20317778.86680299
7157,74269039.14718561
7158,7054690.42739372
7159,13439527.942005765
7160,6769043.717248792
7161,80210061.39287417
7162,386847322.3763815
7163,40938778.85315172
7164,11704794.66103039
7165,142928757.62941918
7166,40769167.37187606
7167,7976173.48154321
7168,8392491.174740847
7169,19776409.43898178
7170,38148443.73856838
7171,23390468.525
7172,17941407.10401977
7173,9947546.149146968
7174,25415652.47180422
7175,9470323.6125
7176,48290113.82878521
7177,114508274.02412824
7178,58496969.61809397
7179,125497522.18501318
7180,3646775.4580233297
7181,18933130.563155483
7182,65977878.497513175
7183,3669961.9169907407
7184,855505745.3972092
7185,34432990.177578084
7186,54546587.16463919
7187,114997847.79830274
7188,89787523.7095663
7189,31958395.604662698
7190,14070857.6625
7191,2383743.201837002
7192,51912201.9551185
7193,40602747.1940188
7194,415399690.9559544
7195,40797581.57169159
7196,34195684.06454224
7197,32833520.07137252
7198,23812649.427951388
7199,19385396.591519766
7200,135077725.3734489
7201,10587219.588155482
7202,36940845.3837285
7203,5109528.275978373
7204,83155468.59744892
7205,323608411.475
7206,115501726.28282389
7207,470256852.4655668
7208,84659341.11002852
7209,28808458.766076304
7210,8291101.263815789
7211,3992705.0134127466
7212,58658232.9625
7213,41579615.10188499
7214,298825856.3875
7215,164371931.52065077
7216,145322869.175
7217,8554834.393283477
7218,77221590.68186235
7219,12219813.625
7220,76990756.2097548
7221,67733319.61280972
7222,68278975.025
7223,27661328.154490747
7224,11801202.325
7225,3421657.372746314
7226,93939027.33043066
7227,72993050.87251318
7228,61304952.829759955
7229,89747758.71704647
7230,6210684.157979111
7231,27949075.846869864
7232,322558086.0875
7233,293442043.825
7234,310978934.2
7235,75031700.77019772
7236,134332734.98731658
7237,30978390.77755884
7238,12003545.86957924
7239,665993958.6016779
7240,87361091.04340297
7241,100149996.840625
7242,41665906.325
7243,16015578.402843278
7244,44817517.50956326
7245,10527532.26381579
7246,13647103.4
7247,64901923.75784477
7248,113079019.71812253
7249,7767703.574302694
7250,4791171.0438451
7251,62976370.4290237
7252,43098028.60202068
7253,46161892.43680556
7254,88621008.35376774
7255,16682469.77618138
7256,20003847.66651977
7257,52009029.245183095
7258,64271803.971747816
7259,22003803.208504148
7260,3395736.643746859
7261,520132741.3875
7262,3687892.4052910553
7263,65372929.45048418
7264,20614607.875
7265,8598475.2875
7266,80255898.56906363
7267,7000662.904748792
7268,18287551.461099006
7269,65065607.20449267
7270,202631830.0125
7271,9409503.825
7272,26218667.034682356
7273,13902258.2125
7274,30583269.04480769
7275,27500370.39916735
7276,6423202.020995545
7277,199246234.0731036
7278,544907938.7237157
7279,143699368.98968926
7280,164827865.39844888
7281,74936486.39367846
7282,78187218.64087729
7283,183029543.7453239
7284,16963494.024748992
7285,94231521.99301894
7286,141152665.63100284
7287,31155790.245106257
7288,20523061.104163732
7289,74947723.6377523
7290,35631623.78054101
7291,72862991.33680555
7292,6512319.35
7293,87253061.85202067
7294,18722288.721981615
7295,97198939.84147775
7296,3495941.163546134
7297,62964481.56723622
7298,18476100.56065027
7299,10157129.598530391
7300,8388527.591519766
7301,59268262.88628636
7302,8280560.7125
7303,5473668.066160929
7304,39911673.942688294
7305,16595958.899533475
7306,416311072.1875
7307,4125497.4925621846
7308,4445756.763844784
7309,47622555.62215957
7310,24368340.56545139
7311,18062902.64480769
7312,144936022.95218927
7313,186084743.65
7314,26041374.223177142
7315,16771770.280386224
7316,6288825.994807692
7317,35237815.675
7318,137148936.978125
7319,16004416.375
7320,285742444.6000875
7322,16850405.891519766
7323,50093586.83522325
7324,88991541.3714643
7325,290136836.975
7326,212948365.3
7327,13270287.282884546
7328,97664051.27658288
7329,112676042.1713768
7330,426863893.0625
7331,84151938.15131752
7332,74516455.23550478
7333,94192045.51357004
7334,22430557.76356838
7335,68670555.8220698
7336,107904745.225
7337,26322486.34243316
7338,107407042.61193755
7339,85751659.70240724
7340,8991476.308148894
7341,3343878.451764025
7342,161272761.6056459
7343,15664263.250992715
7344,6723527.940802562
7345,23508830.573745906
7346,18401163.450386222
7347,25808482.41282187
7348,9672815.666519765
7349,81371350.4033773
7350,44391395.79686334
7351,75178575.3304427
7352,1883355.933443182
7353,24188661.84770424
7354,2470448.975
7355,78505428.6728276
7356,83154002.97371225
7357,26793398.689764466
7358,23553591.32519189
7359,98347623.16282827
7360,48771609.26096876
7361,1770019.7888657406
7362,151355704.28467542
7363,786804265.4376599
7364,7113427.898791425
7365,99410181.89173004
7366,97867101.82571834
7367,8504080.936030392
7368,23977307.990451388
7369,93309047.30804881
7370,100820474.7236989
7371,6421082.249995308
7372,107732048.015625
7373,415650398.5625
7374,32135080.7375
7375,94028829.48985228
7376,12280543.99185744
7377,35063074.8851883
7378,91267751.37309982
7379,98366920.09981659
7380,18041423.679019768
7381,16109190.963981777
7382,19277476.8875
7383,5525771.810214211
7384,47485925.80428399
7385,64438060.297146596
7386,64828569.88296123
7387,6963118.201224816
7388,11163308.116519766
7389,8777068.90131579
7390,6760022.007546296
7391,22491155.28503063
7392,21005858.448405325
7393,534147586.73370916
7394,131319738.0984489
7395,41215707.969824485
7396,91090187.78783463
7397,74603369.2125
7398,27879977.439705886
